payment_id,order_id,payment_date,amount,currency,payment_method,payment_status,processor_reference,channel,source_system,source_file,ingestion_timestamp,batch_id
PAY-00000650,POS-2024-0057116,2018-08-21 00:42:00,134.18,,WALLET,SUCCESS,REF7993150360,IN_STORE,SOURCE_PAYMENT_GATEWAY,payments_2018.csv,2018-08-21T00:58:00,BATCH-PAY-20180821
PAY-00000651,POS-2024-0057116,2018-08-21 02:43:00,134.18,,WALLET,SUCCESS,REF1360913986,IN_STORE,SOURCE_PAYMENT_GATEWAY,payments_2018.csv,2018-08-21T02:59:00,BATCH-PAY-20180821
PAY-00006984,POS-2023-0045406,2018-12-02 00:44:00,9.96,,UPI,SUCCESS,REF7476296575,IN_STORE,SOURCE_PAYMENT_GATEWAY,payments_2018.csv,2018-12-02T01:09:00,BATCH-PAY-20181202
PAY-00015107,POS-2023-0068205,2018-08-30 00:39:00,30.4,,GIFT_CARD,SUCCESS,REF8907061954,IN_STORE,SOURCE_PAYMENT_GATEWAY,payments_2018.csv,2018-08-30T00:45:00,BATCH-PAY-20180830
PAY-00016837,POS-2025-0003435,2018-09-10 00:38:00,11.05,,UPI,SUCCESS,REF2815927770,IN_STORE,SOURCE_PAYMENT_GATEWAY,payments_2018.csv,2018-09-10T00:39:00,BATCH-PAY-20180910
PAY-00021282,POS-2024-0097470,2018-10-22 00:26:00,55.5,,UPI,FAILED,REF8452450838,IN_STORE,SOURCE_PAYMENT_GATEWAY,payments_2018.csv,2018-10-22T00:54:00,BATCH-PAY-20181022
PAY-00021283,POS-2024-0097470,2018-10-22 02:38:00,55.5,,UPI,SUCCESS,REF6130704459,IN_STORE,SOURCE_PAYMENT_GATEWAY,payments_2018.csv,2018-10-22T02:44:00,BATCH-PAY-20181022
PAY-00031072,POS-2023-0016966,2018-05-09 00:34:00,97.73,,CARD,SUCCESS,REF2321135739,IN_STORE,SOURCE_PAYMENT_GATEWAY,payments_2018.csv,2018-05-09T00:43:00,BATCH-PAY-20180509
PAY-00035538,POS-2026-0085282,2018-03-11 00:31:00,12891.62,,COD,SUCCESS,REF9169203036,IN_STORE,SOURCE_PAYMENT_GATEWAY,payments_2018.csv,2018-03-11T00:33:00,BATCH-PAY-20180311
PAY-00035923,POS-2020-0002319,2018-08-18 00:37:00,85.6,,WALLET,FAILED,REF8203506241,IN_STORE,SOURCE_PAYMENT_GATEWAY,payments_2018.csv,2018-08-18T00:59:00,BATCH-PAY-20180818
PAY-00035924,POS-2020-0002319,2018-08-18 02:24:00,85.6,,WALLET,SUCCESS,REF9127690836,IN_STORE,SOURCE_PAYMENT_GATEWAY,payments_2018.csv,2018-08-18T02:34:00,BATCH-PAY-20180818
PAY-00046216,POS-2020-0036981,2018-07-05 00:28:00,334.43,,UPI,SUCCESS,REF4985133506,IN_STORE,SOURCE_PAYMENT_GATEWAY,payments_2018.csv,2018-07-05T00:43:00,BATCH-PAY-20180705
PAY-00048803,POS-2023-0012444,2018-04-27 00:37:00,26.68,,CARD,SUCCESS,REF6561976701,IN_STORE,SOURCE_PAYMENT_GATEWAY,payments_2018.csv,2018-04-27T00:46:00,BATCH-PAY-20180427
PAY-00050334,POS-2020-0048327,2018-04-12 00:21:00,55.51,,GIFT_CARD,SUCCESS,REF9743296474,IN_STORE,SOURCE_PAYMENT_GATEWAY,payments_2018.csv,2018-04-12T00:31:00,BATCH-PAY-20180412
PAY-00053742,POS-2024-0018962,2018-09-02 00:17:00,2215.92,,CARD,SUCCESS,REF9081741453,IN_STORE,SOURCE_PAYMENT_GATEWAY,payments_2018.csv,2018-09-02T00:29:00,BATCH-PAY-20180902
PAY-00055059,POS-2021-0073271,2018-07-15 00:28:00,442.44,,WALLET,PENDING,REF5788832710,IN_STORE,SOURCE_PAYMENT_GATEWAY,payments_2018.csv,2018-07-15T00:45:00,BATCH-PAY-20180715
PAY-00057835,POS-2024-0023105,2018-03-25 00:35:00,26.75,,COD,SUCCESS,REF1706819675,IN_STORE,SOURCE_PAYMENT_GATEWAY,payments_2018.csv,2018-03-25T01:03:00,BATCH-PAY-20180325
PAY-00057836,POS-2024-0023105,2018-03-25 02:12:00,26.75,,COD,SUCCESS,REF5658568888,IN_STORE,SOURCE_PAYMENT_GATEWAY,payments_2018.csv,2018-03-25T02:32:00,BATCH-PAY-20180325
PAY-00062914,POS-2020-0089290,2018-06-18 00:02:00,12662.9,,CARD,SUCCESS,REF6828207646,IN_STORE,SOURCE_PAYMENT_GATEWAY,payments_2018.csv,2018-06-18T00:22:00,BATCH-PAY-20180618
PAY-00073783,POS-2022-0065750,2018-04-29 00:24:00,2296.23,,GIFT_CARD,SUCCESS,REF2030423805,IN_STORE,SOURCE_PAYMENT_GATEWAY,payments_2018.csv,2018-04-29T00:42:00,BATCH-PAY-20180429
PAY-00076963,POS-2026-0000650,2018-06-22 00:11:00,19865.37,,WALLET,SUCCESS,REF9879233995,IN_STORE,SOURCE_PAYMENT_GATEWAY,payments_2018.csv,2018-06-22T00:14:00,BATCH-PAY-20180622
PAY-00081915,POS-2024-0027046,2018-10-11 00:14:00,164.49,,CARD,SUCCESS,REF7402252948,IN_STORE,SOURCE_PAYMENT_GATEWAY,payments_2018.csv,2018-10-11T00:35:00,BATCH-PAY-20181011
PAY-00082364,POS-2025-0011041,2018-09-18 00:07:00,3.88,,NETBANKING,FAILED,REF1910935250,IN_STORE,SOURCE_PAYMENT_GATEWAY,payments_2018.csv,2018-09-18T00:14:00,BATCH-PAY-20180918
PAY-00082365,POS-2025-0011041,2018-09-18 02:02:00,3.88,,NETBANKING,SUCCESS,REF2546490811,IN_STORE,SOURCE_PAYMENT_GATEWAY,payments_2018.csv,2018-09-18T02:07:00,BATCH-PAY-20180918
PAY-00084194,POS-2023-0084309,2018-04-25 00:16:00,595.06,,COD,SUCCESS,REF9446288441,IN_STORE,SOURCE_PAYMENT_GATEWAY,payments_2018.csv,2018-04-25T00:44:00,BATCH-PAY-20180425
PAY-00085725,POS-2023-0066492,2018-10-22 00:31:00,11198.52,,COD,SUCCESS,REF9112529816,IN_STORE,SOURCE_PAYMENT_GATEWAY,payments_2018.csv,2018-10-22T00:49:00,BATCH-PAY-20181022
PAY-00105397,POS-2025-0074478,2018-03-13 00:04:00,10101.93,,CASH,SUCCESS,REF3265056476,IN_STORE,SOURCE_PAYMENT_GATEWAY,payments_2018.csv,2018-03-13T00:05:00,BATCH-PAY-20180313
PAY-00106650,POS-2023-0014969,2018-05-04 00:25:00,93.51,,NETBANKING,SUCCESS,REF5821585625,IN_STORE,SOURCE_PAYMENT_GATEWAY,payments_2018.csv,2018-05-04T00:38:00,BATCH-PAY-20180504
PAY-00107025,POS-2024-0040444,2018-12-23 00:24:00,11443.93,,GIFT_CARD,SUCCESS,REF5323632831,IN_STORE,SOURCE_PAYMENT_GATEWAY,payments_2018.csv,2018-12-23T00:49:00,BATCH-PAY-20181223
PAY-00108471,POS-2024-0016627,2018-10-21 00:19:00,34694.51,,WALLET,SUCCESS,REF4971030133,IN_STORE,SOURCE_PAYMENT_GATEWAY,payments_2018.csv,2018-10-21T00:46:00,BATCH-PAY-20181021
PAY-00109147,POS-2023-0098653,2018-07-15 00:04:00,38.6,,GIFT_CARD,SUCCESS,REF2387202227,IN_STORE,SOURCE_PAYMENT_GATEWAY,payments_2018.csv,2018-07-15T00:29:00,BATCH-PAY-20180715
PAY-00124041,POS-2020-0083827,2018-07-10 00:31:00,94.1,,CARD,SUCCESS,REF5083599648,IN_STORE,SOURCE_PAYMENT_GATEWAY,payments_2018.csv,2018-07-10T00:58:00,BATCH-PAY-20180710
PAY-00125951,POS-2021-0014426,2018-11-17 00:02:00,5750.05,,GIFT_CARD,FAILED,REF5692170280,IN_STORE,SOURCE_PAYMENT_GATEWAY,payments_2018.csv,2018-11-17T00:20:00,BATCH-PAY-20181117
PAY-00125952,POS-2021-0014426,2018-11-17 02:17:00,5750.05,,GIFT_CARD,SUCCESS,REF8909463275,IN_STORE,SOURCE_PAYMENT_GATEWAY,payments_2018.csv,2018-11-17T02:39:00,BATCH-PAY-20181117
PAY-00143448,POS-2025-0055560,2018-09-01 00:16:00,73.0,,CARD,SUCCESS,REF4828287345,IN_STORE,SOURCE_PAYMENT_GATEWAY,payments_2018.csv,2018-09-01T00:37:00,BATCH-PAY-20180901
PAY-00153053,POS-2020-0029162,2018-06-07 00:25:00,8144.57,,CARD,SUCCESS,REF1192024494,IN_STORE,SOURCE_PAYMENT_GATEWAY,payments_2018.csv,2018-06-07T00:30:00,BATCH-PAY-20180607
PAY-00155548,POS-2021-0051582,2018-10-27 00:40:00,23347.28,,NETBANKING,SUCCESS,REF4859853658,IN_STORE,SOURCE_PAYMENT_GATEWAY,payments_2018.csv,2018-10-27T01:08:00,BATCH-PAY-20181027
PAY-00157342,POS-2026-0026956,2018-08-03 00:12:00,5247.03,,CASH,SUCCESS,REF2956513776,IN_STORE,SOURCE_PAYMENT_GATEWAY,payments_2018.csv,2018-08-03T00:31:00,BATCH-PAY-20180803
PAY-00159104,POS-2021-0061698,2018-09-05 00:14:00,166.06,,CARD,FAILED,REF1699031595,IN_STORE,SOURCE_PAYMENT_GATEWAY,payments_2018.csv,2018-09-05T00:33:00,BATCH-PAY-20180905
PAY-00160990,POS-2024-0084726,2018-12-13 00:37:00,4669.02,,UPI,SUCCESS,REF9567597580,IN_STORE,SOURCE_PAYMENT_GATEWAY,payments_2018.csv,2018-12-13T00:49:00,BATCH-PAY-20181213
PAY-00165266,POS-2024-0066418,2018-08-03 00:41:00,9393.18,,UPI,SUCCESS,REF8542020026,IN_STORE,SOURCE_PAYMENT_GATEWAY,payments_2018.csv,2018-08-03T01:07:00,BATCH-PAY-20180803
PAY-00167657,POS-2020-0017950,2018-09-12 00:17:00,27.7,,NETBANKING,SUCCESS,REF6602303285,IN_STORE,SOURCE_PAYMENT_GATEWAY,payments_2018.csv,2018-09-12T00:42:00,BATCH-PAY-20180912
PAY-00169187,POS-2021-0008111,2018-04-10 00:06:00,19209.92,,NETBANKING,SUCCESS,REF3118109004,IN_STORE,SOURCE_PAYMENT_GATEWAY,payments_2018.csv,2018-04-10T00:21:00,BATCH-PAY-20180410
PAY-00170821,POS-2023-0050097,2018-06-23 00:23:00,2295.68,,CASH,SUCCESS,REF9104322476,IN_STORE,SOURCE_PAYMENT_GATEWAY,payments_2018.csv,2018-06-23T00:52:00,BATCH-PAY-20180623
PAY-00172463,POS-2023-0096265,2018-09-11 00:03:00,36679.3,,UPI,SUCCESS,REF6628146676,IN_STORE,SOURCE_PAYMENT_GATEWAY,payments_2018.csv,2018-09-11T00:20:00,BATCH-PAY-20180911
PAY-00176171,POS-2020-0040765,2018-04-25 00:25:00,0.94,,CASH,SUCCESS,REF9518411435,IN_STORE,SOURCE_PAYMENT_GATEWAY,payments_2018.csv,2018-04-25T00:35:00,BATCH-PAY-20180425
PAY-00177194,POS-2019-0065843,2018-05-20 00:18:00,57.25,,GIFT_CARD,SUCCESS,REF5639603142,IN_STORE,SOURCE_PAYMENT_GATEWAY,payments_2018.csv,2018-05-20T00:27:00,BATCH-PAY-20180520
PAY-00179294,POS-2023-0026104,2018-08-06 00:20:00,39169.81,,COD,SUCCESS,REF4763481230,IN_STORE,SOURCE_PAYMENT_GATEWAY,payments_2018.csv,2018-08-06T00:22:00,BATCH-PAY-20180806
PAY-00181230,POS-2020-0022300,2018-10-09 00:11:00,14.53,,NETBANKING,SUCCESS,REF6019542005,IN_STORE,SOURCE_PAYMENT_GATEWAY,payments_2018.csv,2018-10-09T00:15:00,BATCH-PAY-20181009
PAY-00182047,POS-2020-0051760,2018-03-08 00:40:00,560.52,,WALLET,SUCCESS,REF5737048857,IN_STORE,SOURCE_PAYMENT_GATEWAY,payments_2018.csv,2018-03-08T00:48:00,BATCH-PAY-20180308
PAY-00182048,POS-2020-0051760,2018-03-08 02:08:00,560.52,,WALLET,SUCCESS,REF7782266088,IN_STORE,SOURCE_PAYMENT_GATEWAY,payments_2018.csv,2018-03-08T02:36:00,BATCH-PAY-20180308
PAY-00186864,POS-2020-0004033,2018-12-18 00:03:00,5154.75,,UPI,SUCCESS,REF4348375187,IN_STORE,SOURCE_PAYMENT_GATEWAY,payments_2018.csv,2018-12-18T00:31:00,BATCH-PAY-20181218
PAY-00190303,POS-2019-0096939,2018-10-12 00:15:00,71.27,,CASH,SUCCESS,REF2513770911,IN_STORE,SOURCE_PAYMENT_GATEWAY,payments_2018.csv,2018-10-12T00:23:00,BATCH-PAY-20181012
PAY-00198376,POS-2022-0069552,2018-07-02 00:15:00,719.86,,GIFT_CARD,SUCCESS,REF6896954574,IN_STORE,SOURCE_PAYMENT_GATEWAY,payments_2018.csv,2018-07-02T00:26:00,BATCH-PAY-20180702
PAY-00202248,POS-2021-0049606,2018-04-30 00:23:00,16598.25,,CASH,SUCCESS,REF7702690657,IN_STORE,SOURCE_PAYMENT_GATEWAY,payments_2018.csv,2018-04-30T00:37:00,BATCH-PAY-20180430
PAY-00204984,POS-2019-0090964,2018-03-16 00:44:00,40.63,,UPI,SUCCESS,REF6582160388,IN_STORE,SOURCE_PAYMENT_GATEWAY,payments_2018.csv,2018-03-16T00:50:00,BATCH-PAY-20180316
PAY-00210684,POS-2020-0092204,2018-08-24 00:43:00,128.19,,CASH,SUCCESS,REF2387522634,IN_STORE,SOURCE_PAYMENT_GATEWAY,payments_2018.csv,2018-08-24T01:02:00,BATCH-PAY-20180824
PAY-00210809,POS-2023-0004295,2018-09-27 00:04:00,251.37,,NETBANKING,SUCCESS,REF9344446476,IN_STORE,SOURCE_PAYMENT_GATEWAY,payments_2018.csv,2018-09-27T00:30:00,BATCH-PAY-20180927
PAY-00214081,POS-2026-0079046,2018-07-13 00:25:00,-10.09,,UPI,SUCCESS,REF1920025207,IN_STORE,SOURCE_PAYMENT_GATEWAY,payments_2018.csv,2018-07-13T00:46:00,BATCH-PAY-20180713
PAY-00214439,POS-2023-0061592,2018-03-20 00:34:00,135.3,,UPI,FAILED,REF5521631159,IN_STORE,SOURCE_PAYMENT_GATEWAY,payments_2018.csv,2018-03-20T00:45:00,BATCH-PAY-20180320
PAY-00214440,POS-2023-0061592,2018-03-20 02:43:00,135.3,,UPI,SUCCESS,REF1970483049,IN_STORE,SOURCE_PAYMENT_GATEWAY,payments_2018.csv,2018-03-20T02:46:00,BATCH-PAY-20180320
