return_id,order_id,order_line_id,customer_id,sku,return_date,quantity_purchased_ref,quantity_returned,return_reason,refund_amount,expected_refund_amount_ref,refund_method,return_status,channel,source_system,source_file,ingestion_timestamp,batch_id
RET-0011834,POS-2022-0069552,POS-2022-0069552-L1,,SKU-0009199,2018-07-12,1,1,NOT_AS_DESCRIBED,98.35,98.35,BANK_TRANSFER,COMPLETED,IN_STORE,SOURCE_H_RETURNS_MGMT,returns_2018.csv,2018-07-12T20:17:31.528744184,BATCH-H-20180712
RET-0012433,POS-2026-0011611,POS-2026-0011611-L5,32393,SKU-0014970,2018-10-28,1,1,DUPLICATE_ORDER,1.36,1.36,STORE_CREDIT,COMPLETED,IN_STORE,SOURCE_H_RETURNS_MGMT,returns_2018.csv,2018-10-28T13:58:05.456917477,BATCH-H-20181028
RET-0014685,POS-2024-0076699,POS-2024-0076699-L5,915351,SKU-0017454,2018-04-23,1,1,WRONG_ITEM_SHIPPED,0.0,17.33,CASH,REJECTED,IN_STORE,SOURCE_H_RETURNS_MGMT,returns_2018.csv,2018-04-23T01:32:17.641905232,BATCH-H-20180423
RET-0018723,POS-2024-0081075,POS-2024-0081075-L2,,SKU-0006443,2018-08-21,1,1,DEFECTIVE,923.28,923.28,CASH,COMPLETED,IN_STORE,SOURCE_H_RETURNS_MGMT,returns_2018.csv,2018-08-21T22:29:17.964919611,BATCH-H-20180821
RET-0019846,POS-2023-0012444,POS-2023-0012444-L1,51894,SKU-0001536,2018-05-18,1,1,DUPLICATE_ORDER,23.61,23.61,CASH,PENDING,IN_STORE,SOURCE_H_RETURNS_MGMT,returns_2018.csv,2018-05-18T16:44:47.316556898,BATCH-H-20180518
RET-0025339,POS-2019-0090964,POS-2019-0090964-L1,53884,SKU-0000401,2018-03-19,1,1,CHANGED_MIND,42.3,42.3,ORIGINAL_PAYMENT_METHOD,APPROVED,IN_STORE,SOURCE_H_RETURNS_MGMT,returns_2018.csv,2018-03-19T20:18:31.848501674,BATCH-H-20180319
RET-0031290,POS-2024-0050362,POS-2024-0050362-L2,26039,SKU-0016149,2018-04-01,1,1,NOT_AS_DESCRIBED,33.21,33.21,CASH,COMPLETED,IN_STORE,SOURCE_H_RETURNS_MGMT,returns_2018.csv,2018-04-01T02:32:55.917066966,BATCH-H-20180401
RET-0031687,POS-2023-0098653,POS-2023-0098653-L1,914371,SKU-0002226,2018-07-17,1,1,SIZE_DOES_NOT_FIT,34.16,34.16,STORE_CREDIT,APPROVED,IN_STORE,SOURCE_H_RETURNS_MGMT,returns_2018.csv,2018-07-17T13:42:54.160957499,BATCH-H-20180717
RET-0032836,POS-2025-0055560,POS-2025-0055560-L1,21204,SKU-0010332,2018-10-16,1,1,CHANGED_MIND,0.0,64.6,STORE_CREDIT,REJECTED,IN_STORE,SOURCE_H_RETURNS_MGMT,returns_2018.csv,2018-10-16T07:08:39.239865503,BATCH-H-20181016
RET-0033567,POS-2024-0023105,POS-2024-0023105-L1,39909,SKU-0007525,2018-04-15,1,1,DEFECTIVE,4.19,4.19,BANK_TRANSFER,COMPLETED,IN_STORE,SOURCE_H_RETURNS_MGMT,returns_2018.csv,2018-04-15T20:11:55.577325480,BATCH-H-20180415
RET-0034297,POS-2022-0092029,POS-2022-0092029-L4,38592,SKU-0018132,2018-08-24,1,1,OTHER,26.49,26.49,ORIGINAL_PAYMENT_METHOD,APPROVED,IN_STORE,SOURCE_H_RETURNS_MGMT,returns_2018.csv,2018-08-24T13:58:31.891501246,BATCH-H-20180824
RET-0036753,POS-2025-0011041,POS-2025-0011041-L1,9960,SKU-0015764,2018-10-09,1,1,CHANGED_MIND,3.61,3.61,BANK_TRANSFER,PENDING,IN_STORE,SOURCE_H_RETURNS_MGMT,returns_2018.csv,2018-10-09T02:40:31.591974138,BATCH-H-20181009
