alias_sku,current_sku,alias_type,effective_date
SKU-0016111,SKU-0020001,REINTRODUCED_REPLACEMENT,2026-07-17
SKU-0012405,SKU-0020004,REINTRODUCED_REPLACEMENT,2023-04-05
SKU-0014763,SKU-0020005,REINTRODUCED_REPLACEMENT,2022-10-15
SKU-0007870,SKU-0020006,REINTRODUCED_REPLACEMENT,2021-08-11
SKU-0011180,SKU-0020010,REINTRODUCED_REPLACEMENT,2024-12-19
SKU-0009799,SKU-0020011,REINTRODUCED_REPLACEMENT,2024-11-26
SKU-0015801,SKU-0020013,REINTRODUCED_REPLACEMENT,2026-02-09
SKU-0012159,SKU-0020014,REINTRODUCED_REPLACEMENT,2026-02-26
SKU-0016265,SKU-0020015,REINTRODUCED_REPLACEMENT,2020-11-24
SKU-0005374,SKU-0020016,REINTRODUCED_REPLACEMENT,2023-09-16
SKU-0012125,SKU-0020017,REINTRODUCED_REPLACEMENT,2026-08-19
SKU-0013691,SKU-0020018,REINTRODUCED_REPLACEMENT,2025-10-22
SKU-0005134,SKU-0020020,REINTRODUCED_REPLACEMENT,2024-10-16
SKU-0011124,SKU-0020021,REINTRODUCED_REPLACEMENT,2024-01-28
SKU-0012974,SKU-0020022,REINTRODUCED_REPLACEMENT,2021-02-21
SKU-0018854,SKU-0020025,REINTRODUCED_REPLACEMENT,2022-09-09
SKU-0007475,SKU-0020026,REINTRODUCED_REPLACEMENT,2022-06-14
SKU-0006824,SKU-0020027,REINTRODUCED_REPLACEMENT,2023-08-29
SKU-0015264,SKU-0020028,REINTRODUCED_REPLACEMENT,2026-08-16
SKU-0014928,SKU-0020029,REINTRODUCED_REPLACEMENT,2026-07-03
SKU-0002896,SKU-0020030,REINTRODUCED_REPLACEMENT,2023-08-01
SKU-0000805,SKU-0020031,REINTRODUCED_REPLACEMENT,2024-05-20
SKU-0004675,SKU-0020032,REINTRODUCED_REPLACEMENT,2022-02-01
SKU-0016318,SKU-0020036,REINTRODUCED_REPLACEMENT,2024-09-03
SKU-0014815,SKU-0020037,REINTRODUCED_REPLACEMENT,2025-12-02
SKU-0008927,SKU-0020038,REINTRODUCED_REPLACEMENT,2025-11-20
SKU-0005319,SKU-0020039,REINTRODUCED_REPLACEMENT,2025-04-08
SKU-0006398,SKU-0020043,REINTRODUCED_REPLACEMENT,2024-08-19
SKU-0003202,SKU-0020044,REINTRODUCED_REPLACEMENT,2024-11-05
SKU-0007981,SKU-0020045,REINTRODUCED_REPLACEMENT,2026-04-19
SKU-0018307,SKU-0020047,REINTRODUCED_REPLACEMENT,2025-11-08
SKU-0018975,SKU-0020048,REINTRODUCED_REPLACEMENT,2024-04-10
SKU-0009456,SKU-0020049,REINTRODUCED_REPLACEMENT,2026-02-11
SKU-0007692,SKU-0020050,REINTRODUCED_REPLACEMENT,2025-10-19
SKU-0013656,SKU-0020052,REINTRODUCED_REPLACEMENT,2022-05-11
SKU-0017647,SKU-0020054,REINTRODUCED_REPLACEMENT,2025-02-11
SKU-0000631,SKU-0020056,REINTRODUCED_REPLACEMENT,2025-10-07
SKU-0005003,SKU-0020057,REINTRODUCED_REPLACEMENT,2023-09-18
SKU-0000046,SKU-0020058,REINTRODUCED_REPLACEMENT,2026-04-14
SKU-0008877,SKU-0020059,REINTRODUCED_REPLACEMENT,2024-05-14
SKU-0001750,SKU-0020060,REINTRODUCED_REPLACEMENT,2022-10-13
SKU-0005522,SKU-0020062,REINTRODUCED_REPLACEMENT,2022-05-04
SKU-0005989,SKU-0020065,REINTRODUCED_REPLACEMENT,2025-04-12
SKU-0001038,SKU-0020067,REINTRODUCED_REPLACEMENT,2026-08-18
SKU-0008120,SKU-0020069,REINTRODUCED_REPLACEMENT,2024-01-11
SKU-0015919,SKU-0020071,REINTRODUCED_REPLACEMENT,2026-04-03
SKU-0010651,SKU-0020073,REINTRODUCED_REPLACEMENT,2025-07-25
SKU-0017480,SKU-0020074,REINTRODUCED_REPLACEMENT,2024-07-31
SKU-0009366,SKU-0020076,REINTRODUCED_REPLACEMENT,2022-01-01
SKU-0002889,SKU-0020082,REINTRODUCED_REPLACEMENT,2021-04-21
SKU-0016882,SKU-0020083,REINTRODUCED_REPLACEMENT,2023-01-17
SKU-0015870,SKU-0020084,REINTRODUCED_REPLACEMENT,2026-03-14
SKU-0017508,SKU-0020085,REINTRODUCED_REPLACEMENT,2026-07-09
SKU-0013413,SKU-0020086,REINTRODUCED_REPLACEMENT,2025-03-10
SKU-0012963,SKU-0020087,REINTRODUCED_REPLACEMENT,2023-10-17
SKU-0017607,SKU-0020088,REINTRODUCED_REPLACEMENT,2025-11-14
SKU-0006647,SKU-0020089,REINTRODUCED_REPLACEMENT,2023-08-13
SKU-0008123,SKU-0020095,REINTRODUCED_REPLACEMENT,2023-04-30
SKU-0007141,SKU-0020096,REINTRODUCED_REPLACEMENT,2023-07-27
SKU-0019038,SKU-0020097,REINTRODUCED_REPLACEMENT,2025-01-24
SKU-0015900,SKU-0020099,REINTRODUCED_REPLACEMENT,2024-12-13
SKU-0014765,SKU-0020100,REINTRODUCED_REPLACEMENT,2024-06-16
SKU-0012828,SKU-0020103,REINTRODUCED_REPLACEMENT,2026-04-12
SKU-0006984,SKU-0020107,REINTRODUCED_REPLACEMENT,2025-04-08
SKU-0009927,SKU-0020110,REINTRODUCED_REPLACEMENT,2023-04-14
SKU-0008086,SKU-0020112,REINTRODUCED_REPLACEMENT,2024-05-11
SKU-0015395,SKU-0020116,REINTRODUCED_REPLACEMENT,2020-07-06
SKU-0018091,SKU-0020117,REINTRODUCED_REPLACEMENT,2025-04-22
SKU-0019669,SKU-0020119,REINTRODUCED_REPLACEMENT,2026-01-16
SKU-0004808,SKU-0020124,REINTRODUCED_REPLACEMENT,2023-12-17
SKU-0005593,SKU-0020125,REINTRODUCED_REPLACEMENT,2026-04-04
SKU-0000988,SKU-0020126,REINTRODUCED_REPLACEMENT,2024-09-24
SKU-0015149,SKU-0020127,REINTRODUCED_REPLACEMENT,2025-05-13
SKU-0015738,SKU-0020129,REINTRODUCED_REPLACEMENT,2022-08-15
SKU-0019114,SKU-0020133,REINTRODUCED_REPLACEMENT,2025-09-13
SKU-0009696,SKU-0020134,REINTRODUCED_REPLACEMENT,2024-06-02
SKU-0002659,SKU-0020135,REINTRODUCED_REPLACEMENT,2023-01-20
SKU-0013511,SKU-0020136,REINTRODUCED_REPLACEMENT,2025-11-26
SKU-0015207,SKU-0020137,REINTRODUCED_REPLACEMENT,2023-12-27
SKU-0002209,SKU-0020138,REINTRODUCED_REPLACEMENT,2024-10-27
SKU-0019426,SKU-0020141,REINTRODUCED_REPLACEMENT,2021-01-10
SKU-0010962,SKU-0020146,REINTRODUCED_REPLACEMENT,2021-09-19
SKU-0002143,SKU-0020148,REINTRODUCED_REPLACEMENT,2026-04-07
SKU-0019599,SKU-0020152,REINTRODUCED_REPLACEMENT,2026-05-09
SKU-0002058,SKU-0020154,REINTRODUCED_REPLACEMENT,2024-05-08
SKU-0013626,SKU-0020155,REINTRODUCED_REPLACEMENT,2024-07-03
SKU-0004307,SKU-0020156,REINTRODUCED_REPLACEMENT,2024-04-02
SKU-0000308,SKU-0020157,REINTRODUCED_REPLACEMENT,2026-06-04
SKU-0000971,SKU-0020158,REINTRODUCED_REPLACEMENT,2023-12-05
SKU-0018983,SKU-0020159,REINTRODUCED_REPLACEMENT,2022-09-22
SKU-0015479,SKU-0020162,REINTRODUCED_REPLACEMENT,2022-06-18
SKU-0014590,SKU-0020163,REINTRODUCED_REPLACEMENT,2023-08-29
SKU-0010184,SKU-0020165,REINTRODUCED_REPLACEMENT,2021-11-17
SKU-0004983,SKU-0020166,REINTRODUCED_REPLACEMENT,2023-08-14
SKU-0007283,SKU-0020167,REINTRODUCED_REPLACEMENT,2023-11-17
SKU-0018723,SKU-0020168,REINTRODUCED_REPLACEMENT,2024-01-22
SKU-0008260,SKU-0020170,REINTRODUCED_REPLACEMENT,2022-10-12
SKU-0012501,SKU-0020172,REINTRODUCED_REPLACEMENT,2026-06-27
SKU-0019469,SKU-0020173,REINTRODUCED_REPLACEMENT,2025-01-09
SKU-0005539,SKU-0020174,REINTRODUCED_REPLACEMENT,2025-06-03
SKU-0006642,SKU-0020175,REINTRODUCED_REPLACEMENT,2025-06-28
SKU-0000221,SKU-0020178,REINTRODUCED_REPLACEMENT,2025-11-27
SKU-0010118,SKU-0020183,REINTRODUCED_REPLACEMENT,2024-08-02
SKU-0016739,SKU-0020184,REINTRODUCED_REPLACEMENT,2026-09-05
SKU-0006032,SKU-0020185,REINTRODUCED_REPLACEMENT,2024-11-08
SKU-0014127,SKU-0020187,REINTRODUCED_REPLACEMENT,2024-10-20
SKU-0012183,SKU-0020189,REINTRODUCED_REPLACEMENT,2021-02-07
SKU-0019134,SKU-0020190,REINTRODUCED_REPLACEMENT,2025-11-06
SKU-0017855,SKU-0020191,REINTRODUCED_REPLACEMENT,2024-01-04
SKU-0014377,SKU-0020192,REINTRODUCED_REPLACEMENT,2024-12-15
SKU-0014011,SKU-0020193,REINTRODUCED_REPLACEMENT,2025-07-19
SKU-0001088,SKU-0020199,REINTRODUCED_REPLACEMENT,2025-12-15
SKU-0000394,SKU-0020200,REINTRODUCED_REPLACEMENT,2026-05-23
SKU-0014555,SKU-0020206,REINTRODUCED_REPLACEMENT,2024-02-22
SKU-0010383,SKU-0020207,REINTRODUCED_REPLACEMENT,2025-04-05
SKU-0011672,SKU-0020208,REINTRODUCED_REPLACEMENT,2022-06-07
SKU-0014536,SKU-0020209,REINTRODUCED_REPLACEMENT,2022-06-04
SKU-0005508,SKU-0020211,REINTRODUCED_REPLACEMENT,2026-02-28
SKU-0012845,SKU-0020212,REINTRODUCED_REPLACEMENT,2023-12-07
SKU-0004065,SKU-0020213,REINTRODUCED_REPLACEMENT,2023-12-14
SKU-0016269,SKU-0020214,REINTRODUCED_REPLACEMENT,2024-02-25
SKU-0000212,SKU-0020215,REINTRODUCED_REPLACEMENT,2023-12-23
SKU-0008952,SKU-0020218,REINTRODUCED_REPLACEMENT,2023-04-22
SKU-0016171,SKU-0020221,REINTRODUCED_REPLACEMENT,2025-08-28
SKU-0012495,SKU-0020222,REINTRODUCED_REPLACEMENT,2020-04-20
SKU-0000181,SKU-0020223,REINTRODUCED_REPLACEMENT,2025-11-22
SKU-0018444,SKU-0020225,REINTRODUCED_REPLACEMENT,2023-11-16
SKU-0013556,SKU-0020227,REINTRODUCED_REPLACEMENT,2022-12-23
SKU-0013911,SKU-0020228,REINTRODUCED_REPLACEMENT,2024-02-04
SKU-0016954,SKU-0020230,REINTRODUCED_REPLACEMENT,2022-12-24
SKU-0013489,SKU-0020232,REINTRODUCED_REPLACEMENT,2025-05-07
SKU-0016396,SKU-0020239,REINTRODUCED_REPLACEMENT,2022-03-24
SKU-0008637,SKU-0020243,REINTRODUCED_REPLACEMENT,2024-06-22
SKU-0008894,SKU-0020244,REINTRODUCED_REPLACEMENT,2025-06-08
SKU-0004444,SKU-0020247,REINTRODUCED_REPLACEMENT,2024-05-20
SKU-0016724,SKU-0020248,REINTRODUCED_REPLACEMENT,2026-03-26
SKU-0016420,SKU-0020250,REINTRODUCED_REPLACEMENT,2022-01-15
LEGACY-57165,SKU-0009871,LEGACY_CODE_MIGRATION,2019-04-26
LEGACY-61702,SKU-0017947,LEGACY_CODE_MIGRATION,2022-12-04
LEGACY-25017,SKU-0005930,LEGACY_CODE_MIGRATION,2025-05-18
LEGACY-33427,SKU-0008238,LEGACY_CODE_MIGRATION,2024-07-17
LEGACY-42177,SKU-0009247,LEGACY_CODE_MIGRATION,2022-01-17
LEGACY-84290,SKU-0004550,LEGACY_CODE_MIGRATION,2022-08-04
LEGACY-36083,SKU-0013575,LEGACY_CODE_MIGRATION,2021-05-26
LEGACY-59026,SKU-0013470,LEGACY_CODE_MIGRATION,2024-08-28
LEGACY-86559,SKU-0014932,LEGACY_CODE_MIGRATION,2023-08-11
LEGACY-10259,SKU-0007196,LEGACY_CODE_MIGRATION,2019-06-21
LEGACY-92371,SKU-0010244,LEGACY_CODE_MIGRATION,2022-01-07
LEGACY-51450,SKU-0001803,LEGACY_CODE_MIGRATION,2023-02-24
LEGACY-35971,SKU-0018868,LEGACY_CODE_MIGRATION,2021-10-30
LEGACY-20704,SKU-0004583,LEGACY_CODE_MIGRATION,2025-05-24
LEGACY-97096,SKU-0017280,LEGACY_CODE_MIGRATION,2024-03-04
LEGACY-56002,SKU-0004147,LEGACY_CODE_MIGRATION,2024-04-16
LEGACY-42483,SKU-0009473,LEGACY_CODE_MIGRATION,2020-06-22
LEGACY-32301,SKU-0001714,LEGACY_CODE_MIGRATION,2022-11-08
LEGACY-28324,SKU-0014842,LEGACY_CODE_MIGRATION,2022-08-09
LEGACY-39519,SKU-0006085,LEGACY_CODE_MIGRATION,2021-06-06
LEGACY-56355,SKU-0015794,LEGACY_CODE_MIGRATION,2022-11-10
LEGACY-67693,SKU-0002827,LEGACY_CODE_MIGRATION,2019-09-17
LEGACY-61266,SKU-0011003,LEGACY_CODE_MIGRATION,2020-02-01
LEGACY-39009,SKU-0006718,LEGACY_CODE_MIGRATION,2022-09-14
LEGACY-36939,SKU-0016832,LEGACY_CODE_MIGRATION,2020-11-21
LEGACY-24728,SKU-0012913,LEGACY_CODE_MIGRATION,2023-08-15
LEGACY-48330,SKU-0018930,LEGACY_CODE_MIGRATION,2023-06-24
LEGACY-68949,SKU-0009806,LEGACY_CODE_MIGRATION,2025-04-01
LEGACY-44086,SKU-0014538,LEGACY_CODE_MIGRATION,2025-02-04
LEGACY-72684,SKU-0016943,LEGACY_CODE_MIGRATION,2020-07-04
LEGACY-91709,SKU-0015568,LEGACY_CODE_MIGRATION,2024-05-05
LEGACY-11254,SKU-0002345,LEGACY_CODE_MIGRATION,2022-02-11
LEGACY-34372,SKU-0015375,LEGACY_CODE_MIGRATION,2019-12-13
LEGACY-77784,SKU-0011335,LEGACY_CODE_MIGRATION,2021-07-25
LEGACY-45086,SKU-0006489,LEGACY_CODE_MIGRATION,2021-12-10
LEGACY-52286,SKU-0002148,LEGACY_CODE_MIGRATION,2025-01-09
LEGACY-90945,SKU-0007287,LEGACY_CODE_MIGRATION,2023-11-12
LEGACY-17865,SKU-0011424,LEGACY_CODE_MIGRATION,2021-03-27
LEGACY-37156,SKU-0001268,LEGACY_CODE_MIGRATION,2019-05-26
LEGACY-41605,SKU-0015844,LEGACY_CODE_MIGRATION,2022-06-15
LEGACY-39356,SKU-0009116,LEGACY_CODE_MIGRATION,2021-05-26
LEGACY-63564,SKU-0007794,LEGACY_CODE_MIGRATION,2020-04-11
LEGACY-21266,SKU-0008744,LEGACY_CODE_MIGRATION,2021-06-11
LEGACY-83468,SKU-0015213,LEGACY_CODE_MIGRATION,2024-05-01
LEGACY-71257,SKU-0015864,LEGACY_CODE_MIGRATION,2022-04-21
LEGACY-71767,SKU-0004608,LEGACY_CODE_MIGRATION,2019-07-28
LEGACY-98766,SKU-0010340,LEGACY_CODE_MIGRATION,2019-11-02
LEGACY-97308,SKU-0018598,LEGACY_CODE_MIGRATION,2023-06-26
LEGACY-98790,SKU-0002864,LEGACY_CODE_MIGRATION,2019-04-01
LEGACY-51006,SKU-0008594,LEGACY_CODE_MIGRATION,2020-04-03
LEGACY-22953,SKU-0007255,LEGACY_CODE_MIGRATION,2022-10-15
LEGACY-43068,SKU-0012041,LEGACY_CODE_MIGRATION,2023-12-31
LEGACY-52461,SKU-0005769,LEGACY_CODE_MIGRATION,2022-07-16
LEGACY-59240,SKU-0003248,LEGACY_CODE_MIGRATION,2023-05-19
LEGACY-61632,SKU-0013968,LEGACY_CODE_MIGRATION,2021-12-20
LEGACY-52840,SKU-0007808,LEGACY_CODE_MIGRATION,2021-06-30
LEGACY-90293,SKU-0000454,LEGACY_CODE_MIGRATION,2025-07-06
LEGACY-27576,SKU-0007026,LEGACY_CODE_MIGRATION,2021-09-15
LEGACY-61402,SKU-0000871,LEGACY_CODE_MIGRATION,2020-07-23
LEGACY-74997,SKU-0017867,LEGACY_CODE_MIGRATION,2019-06-13
LEGACY-19249,SKU-0003302,LEGACY_CODE_MIGRATION,2024-03-06
LEGACY-55446,SKU-0014121,LEGACY_CODE_MIGRATION,2023-03-30
LEGACY-81615,SKU-0016330,LEGACY_CODE_MIGRATION,2022-01-25
LEGACY-19312,SKU-0019500,LEGACY_CODE_MIGRATION,2022-05-23
LEGACY-69555,SKU-0016834,LEGACY_CODE_MIGRATION,2020-04-17
LEGACY-45986,SKU-0001125,LEGACY_CODE_MIGRATION,2024-12-14
LEGACY-20703,SKU-0018482,LEGACY_CODE_MIGRATION,2020-11-25
LEGACY-30270,SKU-0002504,LEGACY_CODE_MIGRATION,2022-10-31
LEGACY-11531,SKU-0015214,LEGACY_CODE_MIGRATION,2024-04-11
LEGACY-92350,SKU-0017582,LEGACY_CODE_MIGRATION,2021-03-26
LEGACY-61033,SKU-0012443,LEGACY_CODE_MIGRATION,2023-07-28
LEGACY-26707,SKU-0018993,LEGACY_CODE_MIGRATION,2022-10-26
LEGACY-96672,SKU-0013457,LEGACY_CODE_MIGRATION,2021-10-02
LEGACY-57509,SKU-0019320,LEGACY_CODE_MIGRATION,2019-08-31
LEGACY-12283,SKU-0015710,LEGACY_CODE_MIGRATION,2019-11-01
LEGACY-24288,SKU-0012144,LEGACY_CODE_MIGRATION,2024-12-15
LEGACY-80322,SKU-0015615,LEGACY_CODE_MIGRATION,2022-08-03
LEGACY-98360,SKU-0001214,LEGACY_CODE_MIGRATION,2022-10-24
LEGACY-46950,SKU-0018427,LEGACY_CODE_MIGRATION,2020-10-02
LEGACY-71210,SKU-0001910,LEGACY_CODE_MIGRATION,2023-12-16
LEGACY-51227,SKU-0006921,LEGACY_CODE_MIGRATION,2020-10-15
LEGACY-63730,SKU-0011352,LEGACY_CODE_MIGRATION,2022-08-19
LEGACY-62747,SKU-0014225,LEGACY_CODE_MIGRATION,2019-12-23
LEGACY-72661,SKU-0003789,LEGACY_CODE_MIGRATION,2024-04-07
LEGACY-43556,SKU-0015453,LEGACY_CODE_MIGRATION,2025-03-25
LEGACY-12357,SKU-0019743,LEGACY_CODE_MIGRATION,2022-10-23
LEGACY-77897,SKU-0010208,LEGACY_CODE_MIGRATION,2020-11-29
LEGACY-94129,SKU-0018991,LEGACY_CODE_MIGRATION,2023-12-30
LEGACY-15103,SKU-0015131,LEGACY_CODE_MIGRATION,2024-12-13
LEGACY-77134,SKU-0002206,LEGACY_CODE_MIGRATION,2019-04-14
LEGACY-36795,SKU-0015442,LEGACY_CODE_MIGRATION,2022-07-23
LEGACY-95600,SKU-0002052,LEGACY_CODE_MIGRATION,2020-11-10
LEGACY-74803,SKU-0000982,LEGACY_CODE_MIGRATION,2023-10-20
LEGACY-99499,SKU-0002083,LEGACY_CODE_MIGRATION,2021-06-09
LEGACY-55236,SKU-0005297,LEGACY_CODE_MIGRATION,2020-03-24
LEGACY-97012,SKU-0007999,LEGACY_CODE_MIGRATION,2022-07-16
LEGACY-30936,SKU-0001628,LEGACY_CODE_MIGRATION,2023-12-16
LEGACY-89763,SKU-0003395,LEGACY_CODE_MIGRATION,2020-02-02
LEGACY-61829,SKU-0005640,LEGACY_CODE_MIGRATION,2023-08-19
LEGACY-64639,SKU-0009922,LEGACY_CODE_MIGRATION,2024-12-06
LEGACY-37917,SKU-0009323,LEGACY_CODE_MIGRATION,2019-02-03
LEGACY-69947,SKU-0005105,LEGACY_CODE_MIGRATION,2022-01-15
LEGACY-53975,SKU-0007104,LEGACY_CODE_MIGRATION,2024-01-09
LEGACY-83661,SKU-0000566,LEGACY_CODE_MIGRATION,2019-08-13
LEGACY-16483,SKU-0007023,LEGACY_CODE_MIGRATION,2024-05-24
LEGACY-90310,SKU-0005592,LEGACY_CODE_MIGRATION,2020-05-02
LEGACY-30144,SKU-0004239,LEGACY_CODE_MIGRATION,2025-01-14
LEGACY-17438,SKU-0006408,LEGACY_CODE_MIGRATION,2019-05-15
LEGACY-89092,SKU-0001453,LEGACY_CODE_MIGRATION,2020-12-17
LEGACY-76529,SKU-0014921,LEGACY_CODE_MIGRATION,2022-02-22
LEGACY-40662,SKU-0003811,LEGACY_CODE_MIGRATION,2021-06-04
LEGACY-88813,SKU-0007144,LEGACY_CODE_MIGRATION,2022-05-25
LEGACY-20071,SKU-0005183,LEGACY_CODE_MIGRATION,2024-04-24
LEGACY-16952,SKU-0003981,LEGACY_CODE_MIGRATION,2023-08-06
LEGACY-40727,SKU-0012890,LEGACY_CODE_MIGRATION,2023-11-28
LEGACY-12170,SKU-0008298,LEGACY_CODE_MIGRATION,2020-08-18
LEGACY-12712,SKU-0018736,LEGACY_CODE_MIGRATION,2024-07-31
LEGACY-25173,SKU-0019614,LEGACY_CODE_MIGRATION,2025-04-02
LEGACY-49566,SKU-0008075,LEGACY_CODE_MIGRATION,2022-06-26
LEGACY-52844,SKU-0005312,LEGACY_CODE_MIGRATION,2022-01-13
LEGACY-88010,SKU-0010480,LEGACY_CODE_MIGRATION,2021-11-19
LEGACY-85323,SKU-0004399,LEGACY_CODE_MIGRATION,2022-08-27
LEGACY-97158,SKU-0002475,LEGACY_CODE_MIGRATION,2019-01-05
LEGACY-90525,SKU-0014776,LEGACY_CODE_MIGRATION,2023-01-20
LEGACY-49724,SKU-0001906,LEGACY_CODE_MIGRATION,2024-02-20
LEGACY-44810,SKU-0009349,LEGACY_CODE_MIGRATION,2023-10-14
LEGACY-74414,SKU-0014995,LEGACY_CODE_MIGRATION,2024-06-22
LEGACY-62523,SKU-0016658,LEGACY_CODE_MIGRATION,2020-12-23
LEGACY-78279,SKU-0012083,LEGACY_CODE_MIGRATION,2022-11-26
LEGACY-83427,SKU-0015338,LEGACY_CODE_MIGRATION,2024-12-18
LEGACY-49570,SKU-0006276,LEGACY_CODE_MIGRATION,2023-09-17
LEGACY-56691,SKU-0005779,LEGACY_CODE_MIGRATION,2025-07-19
LEGACY-29767,SKU-0016356,LEGACY_CODE_MIGRATION,2019-02-03
LEGACY-79061,SKU-0011078,LEGACY_CODE_MIGRATION,2022-11-18
LEGACY-12988,SKU-0003718,LEGACY_CODE_MIGRATION,2020-02-27
LEGACY-55843,SKU-0012808,LEGACY_CODE_MIGRATION,2019-12-13
LEGACY-31895,SKU-0008192,LEGACY_CODE_MIGRATION,2024-02-03
LEGACY-32386,SKU-0011632,LEGACY_CODE_MIGRATION,2019-06-14
LEGACY-89032,SKU-0014241,LEGACY_CODE_MIGRATION,2022-12-14
LEGACY-83179,SKU-0014773,LEGACY_CODE_MIGRATION,2020-12-19
LEGACY-60585,SKU-0002538,LEGACY_CODE_MIGRATION,2022-09-04
LEGACY-34529,SKU-0011583,LEGACY_CODE_MIGRATION,2019-10-03
LEGACY-66202,SKU-0001853,LEGACY_CODE_MIGRATION,2019-02-12
LEGACY-98790,SKU-0015745,LEGACY_CODE_MIGRATION,2024-05-29
LEGACY-48230,SKU-0004436,LEGACY_CODE_MIGRATION,2020-10-31
LEGACY-81919,SKU-0007264,LEGACY_CODE_MIGRATION,2021-03-07
LEGACY-35622,SKU-0006013,LEGACY_CODE_MIGRATION,2023-01-13
LEGACY-35354,SKU-0005619,LEGACY_CODE_MIGRATION,2021-11-07
LEGACY-20020,SKU-0002901,LEGACY_CODE_MIGRATION,2022-04-08
LEGACY-26675,SKU-0015574,LEGACY_CODE_MIGRATION,2020-08-22
LEGACY-22736,SKU-0003867,LEGACY_CODE_MIGRATION,2020-11-28
LEGACY-63435,SKU-0001902,LEGACY_CODE_MIGRATION,2022-06-01
LEGACY-51979,SKU-0013230,LEGACY_CODE_MIGRATION,2023-03-25
LEGACY-10315,SKU-0012889,LEGACY_CODE_MIGRATION,2020-05-18
LEGACY-48677,SKU-0017335,LEGACY_CODE_MIGRATION,2023-12-28
LEGACY-40516,SKU-0010921,LEGACY_CODE_MIGRATION,2024-02-25
LEGACY-47539,SKU-0013411,LEGACY_CODE_MIGRATION,2024-07-21
LEGACY-40417,SKU-0015057,LEGACY_CODE_MIGRATION,2025-05-24
LEGACY-60688,SKU-0013733,LEGACY_CODE_MIGRATION,2024-12-24
LEGACY-61708,SKU-0005659,LEGACY_CODE_MIGRATION,2023-12-12
LEGACY-43995,SKU-0005082,LEGACY_CODE_MIGRATION,2024-09-11
LEGACY-64410,SKU-0005606,LEGACY_CODE_MIGRATION,2022-11-05
LEGACY-53038,SKU-0009145,LEGACY_CODE_MIGRATION,2022-02-12
LEGACY-63645,SKU-0016589,LEGACY_CODE_MIGRATION,2021-12-19
LEGACY-84451,SKU-0011587,LEGACY_CODE_MIGRATION,2023-08-17
LEGACY-76590,SKU-0002525,LEGACY_CODE_MIGRATION,2021-09-29
LEGACY-92368,SKU-0002970,LEGACY_CODE_MIGRATION,2023-12-19
LEGACY-13131,SKU-0008193,LEGACY_CODE_MIGRATION,2019-06-11
LEGACY-61739,SKU-0001249,LEGACY_CODE_MIGRATION,2024-06-18
LEGACY-73089,SKU-0015933,LEGACY_CODE_MIGRATION,2021-01-16
LEGACY-14033,SKU-0004082,LEGACY_CODE_MIGRATION,2025-03-25
LEGACY-76713,SKU-0008882,LEGACY_CODE_MIGRATION,2024-05-02
LEGACY-48461,SKU-0011933,LEGACY_CODE_MIGRATION,2024-10-20
LEGACY-90208,SKU-0001584,LEGACY_CODE_MIGRATION,2021-06-03
LEGACY-98998,SKU-0014770,LEGACY_CODE_MIGRATION,2025-01-14
LEGACY-56103,SKU-0010547,LEGACY_CODE_MIGRATION,2025-06-29
LEGACY-27223,SKU-0011346,LEGACY_CODE_MIGRATION,2022-12-14
LEGACY-23901,SKU-0011629,LEGACY_CODE_MIGRATION,2024-11-04
LEGACY-21549,SKU-0014907,LEGACY_CODE_MIGRATION,2025-04-20
LEGACY-48998,SKU-0007788,LEGACY_CODE_MIGRATION,2024-03-08
