sku,old_product_name,new_product_name,change_date,source_system
SKU-0000044,Air Biscuits X951,Essential Biscuits V949,2023-06-18,SOURCE_PIM_PRODUCT_MASTER
SKU-0000066,Pro Monitors V996,Pro Monitors V996 (New Edition),2023-12-05,SOURCE_PIM_PRODUCT_MASTER
SKU-0000091,Eco Children's Book Z214,Eco Children's Book Z214 (New Edition),2025-11-22,SOURCE_PIM_PRODUCT_MASTER
SKU-0000098,Non-Fiction,Non-Fiction,2022-02-19,SOURCE_PIM_PRODUCT_MASTER
SKU-0000105,Conditioner Z375,Conditioner Z375 (New Edition),2025-01-04,SOURCE_PIM_PRODUCT_MASTER
SKU-0000108,Smart Family Games,Smart Family Games (New Edition),2025-02-03,SOURCE_PIM_PRODUCT_MASTER
SKU-0000134,Mixer V275,Smart Mixer,2025-06-25,SOURCE_PIM_PRODUCT_MASTER
SKU-0000153,Deluxe Chips,Chips,2020-11-21,SOURCE_PIM_PRODUCT_MASTER
SKU-0000165,Classic Resistance Bands Q944,Resistance Band,2025-04-12,SOURCE_PIM_PRODUCT_MASTER
SKU-0000167,Water Bottles,Water Bottles,2024-06-27,SOURCE_PIM_PRODUCT_MASTER
SKU-0000193,Shampoo,Classic Shampoo,2021-04-07,SOURCE_PIM_PRODUCT_MASTER
SKU-0000236,Air Building Blocks Z596,Building Block Z133,2023-04-01,SOURCE_PIM_PRODUCT_MASTER
SKU-0000244,Plus Pulse,Air Pulses,2023-11-29,SOURCE_PIM_PRODUCT_MASTER
SKU-0000296,Max Wall Art Z276,Max Wall Art Z276 (New Edition),2022-01-04,SOURCE_PIM_PRODUCT_MASTER
SKU-0000298,Pulses K350,Pro Pulses,2023-07-01,SOURCE_PIM_PRODUCT_MASTER
SKU-0000321,Smart Earphones K382,Earphones,2025-05-27,SOURCE_PIM_PRODUCT_MASTER
SKU-0000329,Moisturizers V857,Lite Moisturizer,2025-01-09,SOURCE_PIM_PRODUCT_MASTER
SKU-0000332,Premium Juice Q188,Max Juice V918,2023-05-25,SOURCE_PIM_PRODUCT_MASTER
SKU-0000334,Moisturizer Z932,Moisturizer V418,2023-05-28,SOURCE_PIM_PRODUCT_MASTER
SKU-0000341,Classic Rice,Rice X733,2026-01-16,SOURCE_PIM_PRODUCT_MASTER
SKU-0000347,Tops V686,Tops V686 (New Edition),2023-05-16,SOURCE_PIM_PRODUCT_MASTER
SKU-0000392,Football Gear,Football Gear Q508,2022-10-18,SOURCE_PIM_PRODUCT_MASTER
SKU-0000410,Classic Laptops,Classic Laptops Q382,2024-10-20,SOURCE_PIM_PRODUCT_MASTER
SKU-0000448,Shampoo X488,Shampoo X488 (New Edition),2024-12-15,SOURCE_PIM_PRODUCT_MASTER
SKU-0000510,Eco Saree Z597,Smart Saree K372,2021-08-22,SOURCE_PIM_PRODUCT_MASTER
SKU-0000546,Ultra Curtain,Plus Curtain K906,2022-04-07,SOURCE_PIM_PRODUCT_MASTER
SKU-0000565,Action Figures,Action Figures (New Edition),2026-07-03,SOURCE_PIM_PRODUCT_MASTER
SKU-0000574,Cooking Oil K892,Cooking Oil,2021-08-15,SOURCE_PIM_PRODUCT_MASTER
SKU-0000579,Televisions,Air Televisions,2026-05-11,SOURCE_PIM_PRODUCT_MASTER
SKU-0000598,Trouser Z887,Trouser Z887 (New Edition),2025-07-02,SOURCE_PIM_PRODUCT_MASTER
SKU-0000608,Deluxe Formal Shoes Z568,Formal Shoes Z671,2025-09-03,SOURCE_PIM_PRODUCT_MASTER
SKU-0000641,Face Wash K861,Face Wash K229,2024-12-07,SOURCE_PIM_PRODUCT_MASTER
SKU-0000643,Juice,Deluxe Juices Z267,2026-03-22,SOURCE_PIM_PRODUCT_MASTER
SKU-0000671,Air Bluetooth Speaker S960,Bluetooth Speakers,2022-03-13,SOURCE_PIM_PRODUCT_MASTER
SKU-0000710,Lite Action Figures,Lite Action Figures (New Edition),2025-01-21,SOURCE_PIM_PRODUCT_MASTER
SKU-0000723,Eco Tents,Tents,2022-02-06,SOURCE_PIM_PRODUCT_MASTER
SKU-0000732,Smart Dresse,Dresses,2024-05-24,SOURCE_PIM_PRODUCT_MASTER
SKU-0000748,Tea & Coffee,Tea & Coffee (New Edition),2022-05-06,SOURCE_PIM_PRODUCT_MASTER
SKU-0000755,Backpacks,Lite Backpack,2021-10-02,SOURCE_PIM_PRODUCT_MASTER
SKU-0000776,Eco Mixer,Premium Mixer,2023-04-24,SOURCE_PIM_PRODUCT_MASTER
SKU-0000777,Rice,Rice (New Edition),2026-01-06,SOURCE_PIM_PRODUCT_MASTER
SKU-0000820,Pro Smartphones V850,Smartphones,2022-03-29,SOURCE_PIM_PRODUCT_MASTER
SKU-0000833,Lite Flour,Lite Flour (New Edition),2025-07-13,SOURCE_PIM_PRODUCT_MASTER
SKU-0000883,Sarees Z580,Lite Saree Z658,2023-02-25,SOURCE_PIM_PRODUCT_MASTER
SKU-0000893,Deluxe Juice X308,Premium Juices,2024-09-21,SOURCE_PIM_PRODUCT_MASTER
SKU-0000908,Microwaves V723,Microwaves V723 (New Edition),2021-04-28,SOURCE_PIM_PRODUCT_MASTER
SKU-0000919,Essential Football Gear Q830,Football Gear,2023-09-12,SOURCE_PIM_PRODUCT_MASTER
SKU-0000975,Tops,Tops (New Edition),2026-06-04,SOURCE_PIM_PRODUCT_MASTER
SKU-0001014,Pro Non-Fiction Z121,Non-Fiction K487,2026-04-05,SOURCE_PIM_PRODUCT_MASTER
SKU-0001089,Premium Wall Art Q870,Premium Wall Art Q870 (New Edition),2025-10-06,SOURCE_PIM_PRODUCT_MASTER
SKU-0001111,Air Smartphones Z645,Air Smartphones Z645 (New Edition),2023-12-16,SOURCE_PIM_PRODUCT_MASTER
SKU-0001115,Air Microwave,Air Microwave (New Edition),2020-09-23,SOURCE_PIM_PRODUCT_MASTER
SKU-0001121,Lighting,Lighting (New Edition),2023-12-10,SOURCE_PIM_PRODUCT_MASTER
SKU-0001139,Eco Wall Art,Eco Wall Art (New Edition),2021-04-13,SOURCE_PIM_PRODUCT_MASTER
SKU-0001160,Smart Earphone,Earphones K325,2026-06-16,SOURCE_PIM_PRODUCT_MASTER
SKU-0001188,Eco Sunscreen Q684,Eco Sunscreen Q684 (New Edition),2023-09-29,SOURCE_PIM_PRODUCT_MASTER
SKU-0001255,Sarees,Sarees,2022-06-15,SOURCE_PIM_PRODUCT_MASTER
SKU-0001257,Family Game,Family Game (New Edition),2024-08-20,SOURCE_PIM_PRODUCT_MASTER
SKU-0001271,Smart Dresses K655,Smart Dresses K655 (New Edition),2025-02-09,SOURCE_PIM_PRODUCT_MASTER
SKU-0001289,Wall Art V688,Wall Art,2025-01-22,SOURCE_PIM_PRODUCT_MASTER
SKU-0001309,Plus Cases & Covers K247,Plus Cases & Covers K247 (New Edition),2025-08-10,SOURCE_PIM_PRODUCT_MASTER
SKU-0001352,Eco Sandal S356,Premium Sandals,2022-08-25,SOURCE_PIM_PRODUCT_MASTER
SKU-0001373,Yoga Mats,Yoga Mat K519,2022-01-04,SOURCE_PIM_PRODUCT_MASTER
SKU-0001433,Plus Dumbbells K928,Plus Dumbbells K928 (New Edition),2022-08-28,SOURCE_PIM_PRODUCT_MASTER
SKU-0001443,Cricket Gear S860,Plus Cricket Gear,2026-03-04,SOURCE_PIM_PRODUCT_MASTER
SKU-0001454,Smart Jacket,Jacket X794,2026-07-19,SOURCE_PIM_PRODUCT_MASTER
SKU-0001469,Conditioner S718,Conditioner S718 (New Edition),2022-10-05,SOURCE_PIM_PRODUCT_MASTER
SKU-0001485,Ultra Bluetooth Speakers K177,Ultra Bluetooth Speakers K177 (New Edition),2021-12-08,SOURCE_PIM_PRODUCT_MASTER
SKU-0001488,Ultra Bed,Ultra Bed (New Edition),2021-10-10,SOURCE_PIM_PRODUCT_MASTER
SKU-0001505,Juice,Juice (New Edition),2025-07-01,SOURCE_PIM_PRODUCT_MASTER
SKU-0001512,Essential Earphones,Premium Earphone Z243,2022-01-29,SOURCE_PIM_PRODUCT_MASTER
SKU-0001549,Lite Formal Shoe,Lite Formal Shoe (New Edition),2024-08-21,SOURCE_PIM_PRODUCT_MASTER
SKU-0001572,Deluxe Yoga Mats,Lite Yoga Mat,2022-12-07,SOURCE_PIM_PRODUCT_MASTER
SKU-0001579,Pro Shampoo,Pro Shampoo K969,2021-10-10,SOURCE_PIM_PRODUCT_MASTER
SKU-0001580,Tables,Tables (New Edition),2026-03-30,SOURCE_PIM_PRODUCT_MASTER
SKU-0001581,Pro Beds,Beds,2024-01-02,SOURCE_PIM_PRODUCT_MASTER
SKU-0001582,Bluetooth Speakers,Bluetooth Speakers (New Edition),2026-03-27,SOURCE_PIM_PRODUCT_MASTER
SKU-0001591,Pro Monitor Q517,Air Monitors,2026-09-08,SOURCE_PIM_PRODUCT_MASTER
SKU-0001608,Water Bottle Z257,Water Bottle Z257 (New Edition),2025-10-09,SOURCE_PIM_PRODUCT_MASTER
SKU-0001621,Wall Art,Essential Wall Art Q610,2022-11-28,SOURCE_PIM_PRODUCT_MASTER
SKU-0001657,Curtain X633,Curtain X633 (New Edition),2025-05-26,SOURCE_PIM_PRODUCT_MASTER
SKU-0001660,Deodorant,Deodorant,2024-12-20,SOURCE_PIM_PRODUCT_MASTER
SKU-0001673,Sneakers,Essential Sneakers,2025-03-31,SOURCE_PIM_PRODUCT_MASTER
SKU-0001692,Smart Sunscreen,Smart Sunscreen (New Edition),2023-05-31,SOURCE_PIM_PRODUCT_MASTER
SKU-0001760,Ultra Hair Oil,Ultra Hair Oil (New Edition),2021-05-19,SOURCE_PIM_PRODUCT_MASTER
SKU-0001768,Smart Pulses,Smart Pulses (New Edition),2024-06-26,SOURCE_PIM_PRODUCT_MASTER
SKU-0001769,Max Jean,Max Jeans,2022-01-08,SOURCE_PIM_PRODUCT_MASTER
SKU-0001793,Smart Monitor,Monitors,2022-09-19,SOURCE_PIM_PRODUCT_MASTER
SKU-0001804,Shampoo,Plus Shampoo,2025-08-04,SOURCE_PIM_PRODUCT_MASTER
SKU-0001882,T-Shirt,T-Shirt,2025-12-03,SOURCE_PIM_PRODUCT_MASTER
SKU-0001890,Jeans,Jeans (New Edition),2022-03-10,SOURCE_PIM_PRODUCT_MASTER
SKU-0001927,Tables,Tables (New Edition),2023-06-08,SOURCE_PIM_PRODUCT_MASTER
SKU-0001951,Formal Shoes,Formal Shoes (New Edition),2024-07-04,SOURCE_PIM_PRODUCT_MASTER
SKU-0001965,Essential Televisions,Essential Televisions (New Edition),2021-03-27,SOURCE_PIM_PRODUCT_MASTER
SKU-0001980,Cricket Gear,Cricket Gear (New Edition),2026-09-06,SOURCE_PIM_PRODUCT_MASTER
SKU-0001983,Dresse Q802,Dresses,2025-11-07,SOURCE_PIM_PRODUCT_MASTER
SKU-0002016,Sofas V354,Sofas V354 (New Edition),2025-11-20,SOURCE_PIM_PRODUCT_MASTER
SKU-0002052,Smart Sneakers X778,Smart Sneakers X778 (New Edition),2021-11-29,SOURCE_PIM_PRODUCT_MASTER
SKU-0002054,Ultra Hair Oil,Ultra Hair Oil (New Edition),2022-01-13,SOURCE_PIM_PRODUCT_MASTER
SKU-0002062,Max Cooking Oil,Cooking Oil,2024-07-01,SOURCE_PIM_PRODUCT_MASTER
SKU-0002102,Ultra Sandal,Ultra Sandal (New Edition),2025-09-02,SOURCE_PIM_PRODUCT_MASTER
SKU-0002110,Plus Refrigerators K211,Plus Refrigerators K211 (New Edition),2022-05-19,SOURCE_PIM_PRODUCT_MASTER
SKU-0002123,Air Soundbar,Air Soundbar (New Edition),2021-12-12,SOURCE_PIM_PRODUCT_MASTER
SKU-0002233,Pulse S583,Pulse S583 (New Edition),2019-12-04,SOURCE_PIM_PRODUCT_MASTER
SKU-0002268,Wall Art,Eco Wall Art Z195,2025-04-28,SOURCE_PIM_PRODUCT_MASTER
SKU-0002292,Deluxe Jean,Deluxe Jean (New Edition),2023-08-07,SOURCE_PIM_PRODUCT_MASTER
SKU-0002314,Shirt,Shirt (New Edition),2025-05-06,SOURCE_PIM_PRODUCT_MASTER
SKU-0002351,Deluxe Doll,Dolls K770,2022-02-26,SOURCE_PIM_PRODUCT_MASTER
SKU-0002355,Air Sarees K558,Air Sarees K558 (New Edition),2024-08-09,SOURCE_PIM_PRODUCT_MASTER
SKU-0002359,Ultra Deodorants Z922,Classic Deodorants Q974,2023-02-16,SOURCE_PIM_PRODUCT_MASTER
SKU-0002378,Shirts,Shirt,2024-06-19,SOURCE_PIM_PRODUCT_MASTER
SKU-0002407,Lite Cricket Gear,Smart Cricket Gear Z142,2023-07-19,SOURCE_PIM_PRODUCT_MASTER
SKU-0002455,Max Microwaves,Essential Microwave,2022-12-17,SOURCE_PIM_PRODUCT_MASTER
SKU-0002456,Smart Jean V510,Smart Jean V510 (New Edition),2023-06-29,SOURCE_PIM_PRODUCT_MASTER
SKU-0002475,Essential Non-Fiction,Non-Fiction X531,2019-04-24,SOURCE_PIM_PRODUCT_MASTER
SKU-0002515,Deluxe Children's Book Z599,Deluxe Children's Book Z599 (New Edition),2025-08-22,SOURCE_PIM_PRODUCT_MASTER
SKU-0002547,Football Gear,Football Gear,2023-11-17,SOURCE_PIM_PRODUCT_MASTER
SKU-0002558,Water Bottles X610,Water Bottle X424,2022-04-05,SOURCE_PIM_PRODUCT_MASTER
SKU-0002572,Sneaker,Max Sneaker,2025-10-13,SOURCE_PIM_PRODUCT_MASTER
SKU-0002574,Lite Laptop Q151,Laptop Z607,2021-12-14,SOURCE_PIM_PRODUCT_MASTER
SKU-0002654,Deluxe Bluetooth Speaker Z906,Deluxe Bluetooth Speaker Z906 (New Edition),2025-02-27,SOURCE_PIM_PRODUCT_MASTER
SKU-0002656,Lite Puzzle Q915,Lite Puzzle Q915 (New Edition),2023-04-13,SOURCE_PIM_PRODUCT_MASTER
SKU-0002679,Notebooks,Notebooks (New Edition),2022-07-07,SOURCE_PIM_PRODUCT_MASTER
SKU-0002712,Premium Refrigerator K628,Premium Refrigerator K628 (New Edition),2023-03-13,SOURCE_PIM_PRODUCT_MASTER
SKU-0002730,Action Figure,Action Figure (New Edition),2025-05-20,SOURCE_PIM_PRODUCT_MASTER
SKU-0002753,Smart Tents S925,Smart Tents S925 (New Edition),2026-01-23,SOURCE_PIM_PRODUCT_MASTER
SKU-0002774,Max Yoga Mat,Pro Yoga Mats X930,2022-09-14,SOURCE_PIM_PRODUCT_MASTER
SKU-0002811,T-Shirts,T-Shirt V437,2024-04-02,SOURCE_PIM_PRODUCT_MASTER
SKU-0002818,Keyboards & Mice Q190,Max Keyboards & Mice,2026-09-11,SOURCE_PIM_PRODUCT_MASTER
SKU-0002831,Eco Resistance Band,Eco Resistance Bands Q646,2022-03-11,SOURCE_PIM_PRODUCT_MASTER
SKU-0002856,Air Yoga Mat,Eco Yoga Mats V920,2021-08-16,SOURCE_PIM_PRODUCT_MASTER
SKU-0002886,Sunscreens Q692,Eco Sunscreen K883,2025-09-05,SOURCE_PIM_PRODUCT_MASTER
SKU-0002977,Lite Chair,Chair X207,2023-07-10,SOURCE_PIM_PRODUCT_MASTER
SKU-0002986,Plus Children's Book,Pro Children's Books X709,2022-05-28,SOURCE_PIM_PRODUCT_MASTER
SKU-0002989,Pro Charger,Pro Charger (New Edition),2025-06-11,SOURCE_PIM_PRODUCT_MASTER
SKU-0003054,Deluxe Pulses K358,Pulse,2025-10-29,SOURCE_PIM_PRODUCT_MASTER
SKU-0003089,Eco Water Bottle X302,Eco Water Bottle X302 (New Edition),2023-07-07,SOURCE_PIM_PRODUCT_MASTER
SKU-0003134,Pro Table,Pro Table (New Edition),2021-08-04,SOURCE_PIM_PRODUCT_MASTER
SKU-0003153,Pro Cases & Cover Z151,Pro Cases & Cover Z151 (New Edition),2024-04-03,SOURCE_PIM_PRODUCT_MASTER
SKU-0003188,Essential Flour S876,Essential Flour S876 (New Edition),2022-10-12,SOURCE_PIM_PRODUCT_MASTER
SKU-0003195,Pro Non-Fiction K965,Pro Non-Fiction K965 (New Edition),2023-10-24,SOURCE_PIM_PRODUCT_MASTER
SKU-0003268,Lite T-Shirts,Premium T-Shirt V292,2021-01-26,SOURCE_PIM_PRODUCT_MASTER
SKU-0003358,Eco Saree,Eco Saree (New Edition),2023-09-18,SOURCE_PIM_PRODUCT_MASTER
SKU-0003389,Tent,Tent (New Edition),2024-04-26,SOURCE_PIM_PRODUCT_MASTER
SKU-0003400,Wall Art S944,Wall Art S944 (New Edition),2025-12-05,SOURCE_PIM_PRODUCT_MASTER
SKU-0003403,Lite Family Game S714,Family Game,2022-02-25,SOURCE_PIM_PRODUCT_MASTER
SKU-0003442,Essential Backpacks,Essential Backpacks (New Edition),2023-01-28,SOURCE_PIM_PRODUCT_MASTER
SKU-0003445,Bluetooth Speaker,Plus Bluetooth Speaker Z276,2023-01-01,SOURCE_PIM_PRODUCT_MASTER
SKU-0003452,Pens & Pencil Z269,Pens & Pencils,2025-08-26,SOURCE_PIM_PRODUCT_MASTER
SKU-0003472,Essential Sneakers X417,Essential Sneakers X417 (New Edition),2026-01-23,SOURCE_PIM_PRODUCT_MASTER
SKU-0003490,Ultra Chairs,Classic Chair,2025-05-01,SOURCE_PIM_PRODUCT_MASTER
SKU-0003517,Puzzles,Puzzles (New Edition),2019-09-18,SOURCE_PIM_PRODUCT_MASTER
SKU-0003569,Smart Sneakers K334,Sneaker,2026-06-18,SOURCE_PIM_PRODUCT_MASTER
SKU-0003570,Premium Saree X743,Premium Saree X743 (New Edition),2024-08-12,SOURCE_PIM_PRODUCT_MASTER
SKU-0003573,Refrigerator,Premium Refrigerator X679,2026-07-11,SOURCE_PIM_PRODUCT_MASTER
SKU-0003597,Wall Art,Wall Art (New Edition),2023-11-24,SOURCE_PIM_PRODUCT_MASTER
SKU-0003608,Water Bottles V440,Water Bottle,2022-03-25,SOURCE_PIM_PRODUCT_MASTER
SKU-0003626,Essential Puzzle Z306,Essential Puzzle Z306 (New Edition),2020-09-20,SOURCE_PIM_PRODUCT_MASTER
SKU-0003634,Namkeen Z757,Namkeen Z757 (New Edition),2020-10-18,SOURCE_PIM_PRODUCT_MASTER
SKU-0003663,Premium Soft Drink,Premium Soft Drink (New Edition),2022-03-24,SOURCE_PIM_PRODUCT_MASTER
SKU-0003677,Premium Tea & Coffee Q740,Premium Tea & Coffee Q740 (New Edition),2025-05-11,SOURCE_PIM_PRODUCT_MASTER
SKU-0003749,Microwaves,Eco Microwave Q987,2025-10-16,SOURCE_PIM_PRODUCT_MASTER
SKU-0003782,Television,Television (New Edition),2025-01-08,SOURCE_PIM_PRODUCT_MASTER
SKU-0003795,Classic Laptops K635,Classic Laptops K635 (New Edition),2022-06-18,SOURCE_PIM_PRODUCT_MASTER
SKU-0003807,Lite Pulses X267,Lite Pulses X267 (New Edition),2023-09-23,SOURCE_PIM_PRODUCT_MASTER
SKU-0003839,Premium Television Z897,Plus Television,2024-09-02,SOURCE_PIM_PRODUCT_MASTER
SKU-0003855,Resistance Bands,Resistance Bands (New Edition),2022-03-03,SOURCE_PIM_PRODUCT_MASTER
SKU-0003878,Classic Television K288,Televisions V261,2020-05-26,SOURCE_PIM_PRODUCT_MASTER
SKU-0003881,Tea & Coffee,Lite Tea & Coffee,2026-02-20,SOURCE_PIM_PRODUCT_MASTER
SKU-0003892,Premium Laptops V215,Premium Laptops V215 (New Edition),2025-07-08,SOURCE_PIM_PRODUCT_MASTER
SKU-0003909,Classic Juices,Juices X766,2021-06-29,SOURCE_PIM_PRODUCT_MASTER
SKU-0003932,Lite Refrigerators Z113,Ultra Refrigerator Q161,2024-08-27,SOURCE_PIM_PRODUCT_MASTER
SKU-0003981,Pro Saree Z878,Pro Saree Z878 (New Edition),2025-05-03,SOURCE_PIM_PRODUCT_MASTER
SKU-0003984,Ultra Namkeen,Ultra Namkeen (New Edition),2025-08-02,SOURCE_PIM_PRODUCT_MASTER
SKU-0003995,Formal Shoes K291,Formal Shoes K291 (New Edition),2026-06-28,SOURCE_PIM_PRODUCT_MASTER
SKU-0004035,Deluxe Family Games Z769,Pro Family Games,2021-08-06,SOURCE_PIM_PRODUCT_MASTER
SKU-0004069,Lite Cooking Oil Z767,Lite Cooking Oil Z767 (New Edition),2021-09-01,SOURCE_PIM_PRODUCT_MASTER
SKU-0004134,Formal Shoe S982,Ultra Formal Shoe Q491,2022-05-16,SOURCE_PIM_PRODUCT_MASTER
SKU-0004137,Yoga Mats Q930,Yoga Mats Q930 (New Edition),2021-04-16,SOURCE_PIM_PRODUCT_MASTER
SKU-0004140,Lite Tents Q738,Lite Tents Q738 (New Edition),2025-01-06,SOURCE_PIM_PRODUCT_MASTER
SKU-0004148,Max Jeans Z455,Eco Jean S290,2024-03-20,SOURCE_PIM_PRODUCT_MASTER
SKU-0004157,Jackets,Jackets K981,2023-03-11,SOURCE_PIM_PRODUCT_MASTER
SKU-0004223,Table,Table (New Edition),2020-05-18,SOURCE_PIM_PRODUCT_MASTER
SKU-0004284,Notebooks,Notebooks (New Edition),2026-04-25,SOURCE_PIM_PRODUCT_MASTER
SKU-0004300,Air Tent,Air Tent (New Edition),2024-11-14,SOURCE_PIM_PRODUCT_MASTER
SKU-0004310,Pro Jean,Jeans V473,2024-02-16,SOURCE_PIM_PRODUCT_MASTER
SKU-0004368,Smart Earphone,Lite Earphones,2026-01-05,SOURCE_PIM_PRODUCT_MASTER
SKU-0004379,Deluxe Deodorants X768,Deluxe Deodorants X768 (New Edition),2023-10-02,SOURCE_PIM_PRODUCT_MASTER
SKU-0004498,Puzzle,Max Puzzle,2025-02-28,SOURCE_PIM_PRODUCT_MASTER
SKU-0004510,Lighting S303,Lighting S303 (New Edition),2022-06-24,SOURCE_PIM_PRODUCT_MASTER
SKU-0004558,Air Shirt V454,Air Shirt V454 (New Edition),2021-08-15,SOURCE_PIM_PRODUCT_MASTER
SKU-0004562,Deluxe Action Figures X840,Deluxe Action Figures X840 (New Edition),2024-11-18,SOURCE_PIM_PRODUCT_MASTER
SKU-0004587,Sneakers,Sneakers (New Edition),2021-05-06,SOURCE_PIM_PRODUCT_MASTER
SKU-0004589,Smart Bluetooth Speakers,Bluetooth Speakers,2025-12-28,SOURCE_PIM_PRODUCT_MASTER
SKU-0004620,Wall Art,Wall Art (New Edition),2023-08-05,SOURCE_PIM_PRODUCT_MASTER
SKU-0004641,Ultra Cases & Cover Q438,Ultra Cases & Cover Q438 (New Edition),2022-10-25,SOURCE_PIM_PRODUCT_MASTER
SKU-0004667,Eco Shirt,Pro Shirt Z601,2021-07-21,SOURCE_PIM_PRODUCT_MASTER
SKU-0004722,Max Tents S789,Eco Tent Q692,2025-09-20,SOURCE_PIM_PRODUCT_MASTER
SKU-0004725,Biscuit,Max Biscuit S433,2023-05-27,SOURCE_PIM_PRODUCT_MASTER
SKU-0004765,Deluxe Deodorants Q948,Plus Deodorants K494,2022-03-02,SOURCE_PIM_PRODUCT_MASTER
SKU-0004801,Smart Desktops,Deluxe Desktops V522,2024-08-16,SOURCE_PIM_PRODUCT_MASTER
SKU-0004808,Deluxe Keyboards & Mice V374,Keyboards & Mice V407,2022-02-20,SOURCE_PIM_PRODUCT_MASTER
SKU-0004868,Tea & Coffee,Plus Tea & Coffee,2021-07-31,SOURCE_PIM_PRODUCT_MASTER
SKU-0004950,Premium Pulses S343,Premium Pulses S343 (New Edition),2024-08-09,SOURCE_PIM_PRODUCT_MASTER
SKU-0004966,Chip X530,Chip X530 (New Edition),2022-09-08,SOURCE_PIM_PRODUCT_MASTER
SKU-0004993,Sofas,Sofa V816,2025-06-26,SOURCE_PIM_PRODUCT_MASTER
SKU-0005008,Lite Formal Shoes Q348,Formal Shoes,2025-12-21,SOURCE_PIM_PRODUCT_MASTER
SKU-0005038,Football Gear,Football Gear (New Edition),2026-01-26,SOURCE_PIM_PRODUCT_MASTER
SKU-0005051,Doll,Doll (New Edition),2025-05-02,SOURCE_PIM_PRODUCT_MASTER
SKU-0005092,Doll S761,Doll S761 (New Edition),2025-03-18,SOURCE_PIM_PRODUCT_MASTER
SKU-0005142,Deluxe Cricket Gear V609,Cricket Gear,2024-04-30,SOURCE_PIM_PRODUCT_MASTER
SKU-0005169,Essential Smartphones K414,Smartphone Z797,2022-08-30,SOURCE_PIM_PRODUCT_MASTER
SKU-0005176,Classic Deodorants,Deodorants,2026-08-30,SOURCE_PIM_PRODUCT_MASTER
SKU-0005184,Pro Yoga Mats,Ultra Yoga Mats V137,2021-07-20,SOURCE_PIM_PRODUCT_MASTER
SKU-0005205,Classic Wall Art Z717,Classic Wall Art Z717 (New Edition),2021-07-01,SOURCE_PIM_PRODUCT_MASTER
SKU-0005251,Ultra Formal Shoe,Ultra Formal Shoe (New Edition),2022-08-11,SOURCE_PIM_PRODUCT_MASTER
SKU-0005325,Microwaves V616,Microwave S673,2023-12-20,SOURCE_PIM_PRODUCT_MASTER
SKU-0005372,Classic Earphones,Lite Earphone V560,2025-10-09,SOURCE_PIM_PRODUCT_MASTER
SKU-0005385,Max Soft Drink,Max Soft Drink (New Edition),2023-06-14,SOURCE_PIM_PRODUCT_MASTER
SKU-0005410,Lite Cricket Gear S567,Cricket Gear Z541,2025-12-04,SOURCE_PIM_PRODUCT_MASTER
SKU-0005434,Air Keyboards & Mice K183,Essential Keyboards & Mice Z185,2022-07-31,SOURCE_PIM_PRODUCT_MASTER
SKU-0005459,Laptops,Laptops (New Edition),2022-03-02,SOURCE_PIM_PRODUCT_MASTER
SKU-0005466,Max Formal Shoe,Max Formal Shoe (New Edition),2025-08-03,SOURCE_PIM_PRODUCT_MASTER
SKU-0005483,Eco Resistance Bands,Eco Resistance Bands (New Edition),2023-04-07,SOURCE_PIM_PRODUCT_MASTER
SKU-0005491,Dumbbells Z226,Dumbbells Z226 (New Edition),2022-06-14,SOURCE_PIM_PRODUCT_MASTER
SKU-0005572,Ultra Family Game Z762,Family Game S116,2022-05-17,SOURCE_PIM_PRODUCT_MASTER
SKU-0005588,Air Cases & Covers,Eco Cases & Cover,2022-01-24,SOURCE_PIM_PRODUCT_MASTER
SKU-0005603,Air Laptops,Air Laptops (New Edition),2024-03-28,SOURCE_PIM_PRODUCT_MASTER
SKU-0005609,Premium Dresse,Premium Dresse (New Edition),2020-10-21,SOURCE_PIM_PRODUCT_MASTER
SKU-0005613,Televisions,Televisions (New Edition),2022-03-06,SOURCE_PIM_PRODUCT_MASTER
SKU-0005615,Max Televisions K492,Pro Televisions Q895,2021-08-05,SOURCE_PIM_PRODUCT_MASTER
SKU-0005711,Max Shampoo,Max Shampoo V337,2021-02-04,SOURCE_PIM_PRODUCT_MASTER
SKU-0005734,Air Perfume S154,Air Perfume S154 (New Edition),2020-01-31,SOURCE_PIM_PRODUCT_MASTER
SKU-0005804,Lite Shirts,Lite Shirts (New Edition),2021-04-05,SOURCE_PIM_PRODUCT_MASTER
SKU-0005856,Eco Moisturizers Z422,Eco Moisturizers Z422 (New Edition),2025-09-03,SOURCE_PIM_PRODUCT_MASTER
SKU-0005889,Lite Non-Fiction,Smart Non-Fiction,2020-04-02,SOURCE_PIM_PRODUCT_MASTER
SKU-0005907,Premium Conditioner K833,Pro Conditioner,2024-04-21,SOURCE_PIM_PRODUCT_MASTER
SKU-0005914,Biscuit X392,Eco Biscuit,2025-07-26,SOURCE_PIM_PRODUCT_MASTER
SKU-0005925,Dumbbell,Dumbbell (New Edition),2020-07-10,SOURCE_PIM_PRODUCT_MASTER
SKU-0005981,Deluxe Pulse V328,Pulse,2023-10-19,SOURCE_PIM_PRODUCT_MASTER
SKU-0006059,Eco Puzzle,Deluxe Puzzle,2024-10-12,SOURCE_PIM_PRODUCT_MASTER
SKU-0006096,Face Wash Z843,Face Wash,2023-08-12,SOURCE_PIM_PRODUCT_MASTER
SKU-0006167,Mixer,Mixer (New Edition),2023-11-23,SOURCE_PIM_PRODUCT_MASTER
SKU-0006214,Moisturizers,Moisturizers (New Edition),2020-01-10,SOURCE_PIM_PRODUCT_MASTER
SKU-0006321,Max Backpacks Q709,Backpack Q928,2020-03-29,SOURCE_PIM_PRODUCT_MASTER
SKU-0006337,Premium Yoga Mat Q174,Yoga Mat,2025-03-18,SOURCE_PIM_PRODUCT_MASTER
SKU-0006359,Perfume Q259,Premium Perfumes,2020-01-18,SOURCE_PIM_PRODUCT_MASTER
SKU-0006365,Earphones,Eco Earphone Z421,2021-04-16,SOURCE_PIM_PRODUCT_MASTER
SKU-0006420,Deluxe Television Q873,Deluxe Television Q873 (New Edition),2025-04-15,SOURCE_PIM_PRODUCT_MASTER
SKU-0006525,Earphones,Earphones (New Edition),2023-01-14,SOURCE_PIM_PRODUCT_MASTER
SKU-0006641,Yoga Mats V464,Yoga Mats V464 (New Edition),2025-09-02,SOURCE_PIM_PRODUCT_MASTER
SKU-0006677,Saree,Saree (New Edition),2025-05-01,SOURCE_PIM_PRODUCT_MASTER
SKU-0006716,Badminton Gear V959,Badminton Gear V959 (New Edition),2023-07-10,SOURCE_PIM_PRODUCT_MASTER
SKU-0006765,Premium Earphone Q240,Premium Earphone Q240 (New Edition),2020-04-10,SOURCE_PIM_PRODUCT_MASTER
SKU-0006815,Classic T-Shirts K597,Classic T-Shirts K597 (New Edition),2026-03-05,SOURCE_PIM_PRODUCT_MASTER
SKU-0006846,Face Wash,Face Wash (New Edition),2024-11-21,SOURCE_PIM_PRODUCT_MASTER
SKU-0006847,Classic Moisturizers,Classic Moisturizers (New Edition),2025-12-13,SOURCE_PIM_PRODUCT_MASTER
SKU-0006871,Air Badminton Gear,Air Badminton Gear (New Edition),2023-10-15,SOURCE_PIM_PRODUCT_MASTER
SKU-0006941,Pro Desktop,Plus Desktop,2021-10-02,SOURCE_PIM_PRODUCT_MASTER
SKU-0006972,Non-Fiction Z421,Eco Non-Fiction Z800,2026-01-15,SOURCE_PIM_PRODUCT_MASTER
SKU-0007002,Premium Juices,Classic Juices V707,2022-09-30,SOURCE_PIM_PRODUCT_MASTER
SKU-0007027,Laptops,Lite Laptop X102,2025-03-03,SOURCE_PIM_PRODUCT_MASTER
SKU-0007028,Pro Monitor S976,Pro Monitor S976 (New Edition),2020-12-04,SOURCE_PIM_PRODUCT_MASTER
SKU-0007098,Biscuits X544,Biscuits X544 (New Edition),2026-08-03,SOURCE_PIM_PRODUCT_MASTER
SKU-0007121,Premium Cooking Oil,Cooking Oil,2023-06-17,SOURCE_PIM_PRODUCT_MASTER
SKU-0007126,Plus Building Block V841,Plus Building Block,2023-05-30,SOURCE_PIM_PRODUCT_MASTER
SKU-0007188,Essential Sandal K506,Classic Sandals Q828,2021-06-11,SOURCE_PIM_PRODUCT_MASTER
SKU-0007234,Pens & Pencils Q896,Essential Pens & Pencils V426,2025-01-05,SOURCE_PIM_PRODUCT_MASTER
SKU-0007245,Conditioner,Lite Conditioner V733,2022-10-10,SOURCE_PIM_PRODUCT_MASTER
SKU-0007253,Premium Rice X653,Premium Rice X653 (New Edition),2023-09-29,SOURCE_PIM_PRODUCT_MASTER
SKU-0007269,Eco Football Gear Z938,Football Gear,2020-06-21,SOURCE_PIM_PRODUCT_MASTER
SKU-0007271,Classic Keyboards & Mice,Classic Keyboards & Mice (New Edition),2025-09-18,SOURCE_PIM_PRODUCT_MASTER
SKU-0007329,Rice,Rice,2025-11-30,SOURCE_PIM_PRODUCT_MASTER
SKU-0007339,Max Sarees X729,Max Sarees X729 (New Edition),2026-07-26,SOURCE_PIM_PRODUCT_MASTER
SKU-0007427,Essential Trouser,Essential Trouser (New Edition),2021-05-07,SOURCE_PIM_PRODUCT_MASTER
SKU-0007476,Classic Notebooks Z167,Classic Notebooks Z167 (New Edition),2024-05-15,SOURCE_PIM_PRODUCT_MASTER
SKU-0007484,Jackets,Smart Jacket,2021-06-06,SOURCE_PIM_PRODUCT_MASTER
SKU-0007535,Building Block X597,Building Block X597 (New Edition),2025-06-28,SOURCE_PIM_PRODUCT_MASTER
SKU-0007578,Deluxe Tea & Coffee Q374,Air Tea & Coffee X123,2026-09-09,SOURCE_PIM_PRODUCT_MASTER
SKU-0007584,Lighting K486,Lighting K486 (New Edition),2019-12-18,SOURCE_PIM_PRODUCT_MASTER
SKU-0007712,Deluxe Biscuit Q675,Deluxe Biscuit Q675 (New Edition),2022-03-09,SOURCE_PIM_PRODUCT_MASTER
SKU-0007713,Lite Juices,Lite Juices (New Edition),2024-04-15,SOURCE_PIM_PRODUCT_MASTER
SKU-0007753,Lite Wall Art,Lite Wall Art (New Edition),2024-02-19,SOURCE_PIM_PRODUCT_MASTER
SKU-0007755,Trouser,Premium Trousers Z317,2023-09-04,SOURCE_PIM_PRODUCT_MASTER
SKU-0007897,Smart Keyboards & Mice Q138,Eco Keyboards & Mice,2024-04-18,SOURCE_PIM_PRODUCT_MASTER
SKU-0007983,Ultra Pens & Pencils Q505,Ultra Pens & Pencils Q505 (New Edition),2022-10-22,SOURCE_PIM_PRODUCT_MASTER
SKU-0008024,Deluxe Perfume,Deluxe Perfume (New Edition),2022-05-15,SOURCE_PIM_PRODUCT_MASTER
SKU-0008030,Eco Fiction,Eco Fiction (New Edition),2022-01-12,SOURCE_PIM_PRODUCT_MASTER
SKU-0008046,Deluxe Football Gear X527,Football Gear K703,2020-12-17,SOURCE_PIM_PRODUCT_MASTER
SKU-0008104,Premium Namkeen Z332,Premium Namkeen Z332 (New Edition),2024-02-05,SOURCE_PIM_PRODUCT_MASTER
SKU-0008178,Classic Sofas,Sofa,2025-10-28,SOURCE_PIM_PRODUCT_MASTER
SKU-0008188,Sunscreen,Sunscreen (New Edition),2021-03-21,SOURCE_PIM_PRODUCT_MASTER
SKU-0008202,Resistance Band,Air Resistance Bands Z237,2023-01-30,SOURCE_PIM_PRODUCT_MASTER
SKU-0008225,Tables V759,Tables,2020-09-10,SOURCE_PIM_PRODUCT_MASTER
SKU-0008234,Badminton Gear Z348,Badminton Gear Z348 (New Edition),2024-07-16,SOURCE_PIM_PRODUCT_MASTER
SKU-0008244,Pens & Pencil S328,Pens & Pencil S328 (New Edition),2020-10-03,SOURCE_PIM_PRODUCT_MASTER
SKU-0008304,Lite Laptop,Lite Laptop (New Edition),2023-05-23,SOURCE_PIM_PRODUCT_MASTER
SKU-0008332,Air Dolls Z887,Dolls,2020-10-27,SOURCE_PIM_PRODUCT_MASTER
SKU-0008350,Plus Desktops,Max Desktops,2020-07-06,SOURCE_PIM_PRODUCT_MASTER
SKU-0008377,Sunscreen,Sunscreen (New Edition),2022-07-06,SOURCE_PIM_PRODUCT_MASTER
SKU-0008383,Face Wash K274,Lite Face Wash Z805,2023-02-24,SOURCE_PIM_PRODUCT_MASTER
SKU-0008427,Chair V468,Chair V468 (New Edition),2022-09-27,SOURCE_PIM_PRODUCT_MASTER
SKU-0008432,Pro Resistance Bands,Premium Resistance Bands,2022-05-03,SOURCE_PIM_PRODUCT_MASTER
SKU-0008465,Biscuits,Biscuit S461,2019-05-20,SOURCE_PIM_PRODUCT_MASTER
SKU-0008476,Rice V279,Lite Rice,2024-03-13,SOURCE_PIM_PRODUCT_MASTER
SKU-0008490,Max Sneakers S103,Sneaker S724,2024-12-20,SOURCE_PIM_PRODUCT_MASTER
SKU-0008545,Namkeen K519,Pro Namkeen,2023-10-23,SOURCE_PIM_PRODUCT_MASTER
SKU-0008556,Trousers,Pro Trousers,2026-09-04,SOURCE_PIM_PRODUCT_MASTER
SKU-0008610,Essential Cooking Oil V158,Essential Cooking Oil V158 (New Edition),2020-09-13,SOURCE_PIM_PRODUCT_MASTER
SKU-0008616,Plus Chair,Plus Chair (New Edition),2022-11-28,SOURCE_PIM_PRODUCT_MASTER
SKU-0008638,Namkeen S818,Plus Namkeen K581,2020-12-18,SOURCE_PIM_PRODUCT_MASTER
SKU-0008660,Max Microwave V507,Max Microwave V507 (New Edition),2021-10-15,SOURCE_PIM_PRODUCT_MASTER
SKU-0008694,Premium Cooking Oil,Cooking Oil Q723,2023-07-16,SOURCE_PIM_PRODUCT_MASTER
SKU-0008719,Juices K280,Smart Juices X620,2026-03-21,SOURCE_PIM_PRODUCT_MASTER
SKU-0008723,Classic Trousers,Ultra Trousers,2020-12-01,SOURCE_PIM_PRODUCT_MASTER
SKU-0008766,Smart Tea & Coffee,Deluxe Tea & Coffee,2026-01-07,SOURCE_PIM_PRODUCT_MASTER
SKU-0008792,Tables,Tables (New Edition),2020-11-03,SOURCE_PIM_PRODUCT_MASTER
SKU-0008827,Air Water Bottles,Air Water Bottles (New Edition),2024-07-11,SOURCE_PIM_PRODUCT_MASTER
SKU-0008829,Essential Lighting,Essential Lighting (New Edition),2023-05-05,SOURCE_PIM_PRODUCT_MASTER
SKU-0008897,Essential T-Shirts,Essential T-Shirts (New Edition),2022-08-01,SOURCE_PIM_PRODUCT_MASTER
SKU-0008913,Lite T-Shirt,Lite T-Shirt (New Edition),2022-01-20,SOURCE_PIM_PRODUCT_MASTER
SKU-0008917,Smart Family Game S763,Smart Family Game S763 (New Edition),2025-10-22,SOURCE_PIM_PRODUCT_MASTER
SKU-0008936,Eco Wall Art,Eco Wall Art (New Edition),2022-08-27,SOURCE_PIM_PRODUCT_MASTER
SKU-0008966,Lite Televisions X577,Lite Televisions X577 (New Edition),2025-01-19,SOURCE_PIM_PRODUCT_MASTER
SKU-0008970,Lite Trouser,Lite Trouser (New Edition),2022-02-08,SOURCE_PIM_PRODUCT_MASTER
SKU-0008990,Classic Desktop X380,Classic Desktop X380 (New Edition),2022-05-18,SOURCE_PIM_PRODUCT_MASTER
SKU-0009022,Pro Beds Z640,Pro Beds Z640 (New Edition),2020-09-15,SOURCE_PIM_PRODUCT_MASTER
SKU-0009093,Max Tea & Coffee Q814,Max Tea & Coffee Q814 (New Edition),2025-08-19,SOURCE_PIM_PRODUCT_MASTER
SKU-0009114,Earphones,Earphone,2025-08-13,SOURCE_PIM_PRODUCT_MASTER
SKU-0009133,Max Face Wash Z279,Max Face Wash Z279 (New Edition),2026-08-18,SOURCE_PIM_PRODUCT_MASTER
SKU-0009147,Deluxe Tables,Tables,2026-03-29,SOURCE_PIM_PRODUCT_MASTER
SKU-0009188,Trousers,Plus Trousers Z564,2025-03-01,SOURCE_PIM_PRODUCT_MASTER
SKU-0009218,Premium Chair,Premium Chair (New Edition),2026-07-11,SOURCE_PIM_PRODUCT_MASTER
SKU-0009304,Essential Tables Z818,Essential Tables Z818 (New Edition),2026-03-21,SOURCE_PIM_PRODUCT_MASTER
SKU-0009324,Essential Badminton Gear S274,Essential Badminton Gear S274 (New Edition),2023-11-10,SOURCE_PIM_PRODUCT_MASTER
SKU-0009337,Ultra Yoga Mats,Ultra Yoga Mats (New Edition),2023-07-02,SOURCE_PIM_PRODUCT_MASTER
SKU-0009371,Deluxe Desktop V590,Deluxe Desktops,2022-08-27,SOURCE_PIM_PRODUCT_MASTER
SKU-0009394,Essential Lighting,Plus Lighting V919,2024-06-16,SOURCE_PIM_PRODUCT_MASTER
SKU-0009416,Ultra Yoga Mat Z496,Ultra Yoga Mat Z496 (New Edition),2021-09-07,SOURCE_PIM_PRODUCT_MASTER
SKU-0009453,Ultra Monitors,Ultra Monitors (New Edition),2024-06-21,SOURCE_PIM_PRODUCT_MASTER
SKU-0009484,Jackets X192,Jackets,2024-11-01,SOURCE_PIM_PRODUCT_MASTER
SKU-0009665,Shirt K269,Shirt K269 (New Edition),2021-03-31,SOURCE_PIM_PRODUCT_MASTER
SKU-0009671,Premium Soundbar,Premium Soundbar (New Edition),2024-01-01,SOURCE_PIM_PRODUCT_MASTER
SKU-0009743,Premium Flour Z326,Premium Flour Z326 (New Edition),2024-04-29,SOURCE_PIM_PRODUCT_MASTER
SKU-0009762,Fiction K371,Fiction K371 (New Edition),2024-08-04,SOURCE_PIM_PRODUCT_MASTER
SKU-0009767,Air Resistance Bands,Air Resistance Bands (New Edition),2025-02-05,SOURCE_PIM_PRODUCT_MASTER
SKU-0009791,Ultra Dumbbell,Ultra Dumbbell (New Edition),2021-09-09,SOURCE_PIM_PRODUCT_MASTER
SKU-0009801,Jeans K120,Air Jean,2021-12-03,SOURCE_PIM_PRODUCT_MASTER
SKU-0009851,Bluetooth Speaker,Bluetooth Speaker (New Edition),2022-09-12,SOURCE_PIM_PRODUCT_MASTER
SKU-0009879,Essential Sandal S259,Essential Sandal S259 (New Edition),2020-09-22,SOURCE_PIM_PRODUCT_MASTER
SKU-0009904,Lite Face Wash,Lite Face Wash (New Edition),2025-01-02,SOURCE_PIM_PRODUCT_MASTER
SKU-0009913,Deluxe Refrigerators Z826,Refrigerators Z647,2024-04-03,SOURCE_PIM_PRODUCT_MASTER
SKU-0009914,Smart Backpack X442,Smart Backpack X442 (New Edition),2023-08-01,SOURCE_PIM_PRODUCT_MASTER
SKU-0009926,Premium Namkeen Z994,Premium Namkeen Z994 (New Edition),2021-09-19,SOURCE_PIM_PRODUCT_MASTER
SKU-0009975,Smart Shirts,Smart Shirts (New Edition),2022-05-25,SOURCE_PIM_PRODUCT_MASTER
SKU-0009981,Jackets X616,Jackets X616 (New Edition),2024-06-13,SOURCE_PIM_PRODUCT_MASTER
SKU-0010038,Plus Beds,Plus Beds (New Edition),2024-05-28,SOURCE_PIM_PRODUCT_MASTER
SKU-0010056,Pulse Q707,Pulse Z305,2021-02-19,SOURCE_PIM_PRODUCT_MASTER
SKU-0010082,Jackets,Jackets (New Edition),2023-06-10,SOURCE_PIM_PRODUCT_MASTER
SKU-0010126,Plus Top K159,Plus Top K159 (New Edition),2024-12-17,SOURCE_PIM_PRODUCT_MASTER
SKU-0010132,Laptops V601,Laptop Q446,2021-10-21,SOURCE_PIM_PRODUCT_MASTER
SKU-0010208,Smart Keyboards & Mice V866,Smart Keyboards & Mice V866 (New Edition),2024-03-05,SOURCE_PIM_PRODUCT_MASTER
SKU-0010224,Air Monitor K556,Air Monitor K556 (New Edition),2025-06-27,SOURCE_PIM_PRODUCT_MASTER
SKU-0010283,Premium Rice,Classic Rice,2026-06-23,SOURCE_PIM_PRODUCT_MASTER
SKU-0010357,Sandals S156,Sandals S156 (New Edition),2019-12-25,SOURCE_PIM_PRODUCT_MASTER
SKU-0010462,Jackets Z769,Smart Jackets K802,2025-09-24,SOURCE_PIM_PRODUCT_MASTER
SKU-0010530,Plus Cases & Covers,Plus Cases & Covers (New Edition),2023-04-02,SOURCE_PIM_PRODUCT_MASTER
SKU-0010534,Deluxe Sunscreens,Sunscreens,2026-03-24,SOURCE_PIM_PRODUCT_MASTER
SKU-0010577,Smart Backpacks,Smart Backpacks (New Edition),2024-08-14,SOURCE_PIM_PRODUCT_MASTER
SKU-0010578,Essential Cooking Oil Z883,Essential Cooking Oil K613,2023-06-17,SOURCE_PIM_PRODUCT_MASTER
SKU-0010620,Max Perfume,Perfumes K515,2026-04-19,SOURCE_PIM_PRODUCT_MASTER
SKU-0010640,Smartphone K418,Smartphone K418 (New Edition),2021-06-16,SOURCE_PIM_PRODUCT_MASTER
SKU-0010653,Rice,Rice (New Edition),2025-02-14,SOURCE_PIM_PRODUCT_MASTER
SKU-0010655,Cases & Covers Q104,Eco Cases & Covers V688,2023-10-10,SOURCE_PIM_PRODUCT_MASTER
SKU-0010688,Smart Bluetooth Speaker V649,Bluetooth Speakers Z698,2023-04-17,SOURCE_PIM_PRODUCT_MASTER
SKU-0010690,Premium Smartphones V686,Smartphones,2022-02-05,SOURCE_PIM_PRODUCT_MASTER
SKU-0010704,Plus Resistance Bands K280,Plus Resistance Bands,2023-11-01,SOURCE_PIM_PRODUCT_MASTER
SKU-0010731,Chargers S727,Chargers S727 (New Edition),2023-07-24,SOURCE_PIM_PRODUCT_MASTER
SKU-0010740,Premium Trouser V614,Pro Trousers,2025-07-11,SOURCE_PIM_PRODUCT_MASTER
SKU-0010747,Pro Biscuit K472,Pro Biscuit K472 (New Edition),2022-12-06,SOURCE_PIM_PRODUCT_MASTER
SKU-0010764,Pro Cases & Cover V468,Deluxe Cases & Covers Q478,2025-03-11,SOURCE_PIM_PRODUCT_MASTER
SKU-0010767,Max Badminton Gear Z581,Badminton Gear,2024-06-15,SOURCE_PIM_PRODUCT_MASTER
SKU-0010777,Tops,Essential Tops,2021-08-05,SOURCE_PIM_PRODUCT_MASTER
SKU-0010793,Namkeen Z939,Ultra Namkeen Q776,2023-12-26,SOURCE_PIM_PRODUCT_MASTER
SKU-0010804,Jacket V469,Jacket V469 (New Edition),2023-10-19,SOURCE_PIM_PRODUCT_MASTER
SKU-0010825,Max Tea & Coffee,Max Tea & Coffee (New Edition),2024-04-26,SOURCE_PIM_PRODUCT_MASTER
SKU-0010826,Formal Shoe V661,Ultra Formal Shoes,2025-01-18,SOURCE_PIM_PRODUCT_MASTER
SKU-0010850,Smart Conditioner Q990,Premium Conditioner,2025-06-29,SOURCE_PIM_PRODUCT_MASTER
SKU-0010857,Essential Laptops V819,Laptop,2026-07-10,SOURCE_PIM_PRODUCT_MASTER
SKU-0010910,Lite Soundbars V267,Soundbar V716,2022-09-04,SOURCE_PIM_PRODUCT_MASTER
SKU-0010922,Max Jeans K928,Max Jeans K928 (New Edition),2022-09-19,SOURCE_PIM_PRODUCT_MASTER
SKU-0011001,Cricket Gear K302,Deluxe Cricket Gear S962,2019-08-23,SOURCE_PIM_PRODUCT_MASTER
SKU-0011032,Cases & Covers V299,Cases & Covers V299 (New Edition),2022-10-02,SOURCE_PIM_PRODUCT_MASTER
SKU-0011070,Essential Chargers Z422,Essential Chargers Z422 (New Edition),2021-01-06,SOURCE_PIM_PRODUCT_MASTER
SKU-0011102,Max Action Figures X866,Max Action Figure,2024-04-22,SOURCE_PIM_PRODUCT_MASTER
SKU-0011148,Sofas X205,Sofas X205 (New Edition),2022-05-14,SOURCE_PIM_PRODUCT_MASTER
SKU-0011239,Cases & Cover Z972,Lite Cases & Covers K507,2022-01-30,SOURCE_PIM_PRODUCT_MASTER
SKU-0011253,Puzzle,Puzzle (New Edition),2026-01-20,SOURCE_PIM_PRODUCT_MASTER
SKU-0011343,Deluxe Lighting,Max Lighting Z354,2020-11-27,SOURCE_PIM_PRODUCT_MASTER
SKU-0011364,Flour,Flour (New Edition),2023-06-05,SOURCE_PIM_PRODUCT_MASTER
SKU-0011368,Chairs Q456,Chairs Q456 (New Edition),2025-05-14,SOURCE_PIM_PRODUCT_MASTER
SKU-0011432,Wall Art Z389,Wall Art Z389 (New Edition),2026-06-10,SOURCE_PIM_PRODUCT_MASTER
SKU-0011443,Sunscreens,Sunscreen S188,2025-07-26,SOURCE_PIM_PRODUCT_MASTER
SKU-0011496,Lite Pulse V456,Lite Pulse V456 (New Edition),2023-10-29,SOURCE_PIM_PRODUCT_MASTER
SKU-0011523,Cricket Gear Z869,Essential Cricket Gear Z846,2023-02-15,SOURCE_PIM_PRODUCT_MASTER
SKU-0011541,Action Figure,Action Figure (New Edition),2019-11-01,SOURCE_PIM_PRODUCT_MASTER
SKU-0011542,Smart Beds X548,Smart Beds X548 (New Edition),2021-04-24,SOURCE_PIM_PRODUCT_MASTER
SKU-0011569,Deluxe Refrigerator,Refrigerator V457,2026-04-18,SOURCE_PIM_PRODUCT_MASTER
SKU-0011577,Sneakers K359,Classic Sneakers,2024-08-15,SOURCE_PIM_PRODUCT_MASTER
SKU-0011599,Pro Bluetooth Speaker,Pro Bluetooth Speaker (New Edition),2021-07-07,SOURCE_PIM_PRODUCT_MASTER
SKU-0011631,Formal Shoes,Smart Formal Shoe,2026-09-08,SOURCE_PIM_PRODUCT_MASTER
SKU-0011668,Eco Perfumes,Essential Perfume,2025-02-04,SOURCE_PIM_PRODUCT_MASTER
SKU-0011681,Children's Books,Children's Books (New Edition),2025-10-03,SOURCE_PIM_PRODUCT_MASTER
SKU-0011735,Deluxe Fiction X251,Deluxe Fiction X251 (New Edition),2022-03-13,SOURCE_PIM_PRODUCT_MASTER
SKU-0011780,Premium Dresse,Premium Dresse (New Edition),2025-11-24,SOURCE_PIM_PRODUCT_MASTER
SKU-0011785,Fiction,Fiction (New Edition),2023-02-20,SOURCE_PIM_PRODUCT_MASTER
SKU-0011787,Desktop,Desktop (New Edition),2022-02-22,SOURCE_PIM_PRODUCT_MASTER
SKU-0011800,Deluxe Charger,Chargers,2022-05-31,SOURCE_PIM_PRODUCT_MASTER
SKU-0011834,Table K991,Table Z747,2023-05-16,SOURCE_PIM_PRODUCT_MASTER
SKU-0011848,Soft Drink,Soft Drink (New Edition),2022-04-16,SOURCE_PIM_PRODUCT_MASTER
SKU-0011856,Curtains X818,Curtain Q658,2023-10-18,SOURCE_PIM_PRODUCT_MASTER
SKU-0011863,Lite Soft Drinks,Lite Soft Drinks (New Edition),2022-02-20,SOURCE_PIM_PRODUCT_MASTER
SKU-0011870,Premium Microwaves,Premium Microwaves (New Edition),2023-10-10,SOURCE_PIM_PRODUCT_MASTER
SKU-0011947,T-Shirts Z599,T-Shirts Z599 (New Edition),2023-09-11,SOURCE_PIM_PRODUCT_MASTER
SKU-0011952,Deluxe Chair X872,Deluxe Chair X872 (New Edition),2024-05-11,SOURCE_PIM_PRODUCT_MASTER
SKU-0011965,Deodorant,Deodorant (New Edition),2025-01-16,SOURCE_PIM_PRODUCT_MASTER
SKU-0011979,Lighting K343,Premium Lighting Q232,2024-08-06,SOURCE_PIM_PRODUCT_MASTER
SKU-0012009,Smart Rice,Rice Q444,2019-06-07,SOURCE_PIM_PRODUCT_MASTER
SKU-0012031,Desktops,Desktops (New Edition),2025-04-21,SOURCE_PIM_PRODUCT_MASTER
SKU-0012105,Smart Beds S159,Ultra Bed V746,2024-09-07,SOURCE_PIM_PRODUCT_MASTER
SKU-0012141,Max Flour,Max Flour (New Edition),2023-04-24,SOURCE_PIM_PRODUCT_MASTER
SKU-0012192,Premium Badminton Gear V281,Badminton Gear,2025-04-16,SOURCE_PIM_PRODUCT_MASTER
SKU-0012207,Lite Pulses,Lite Pulses (New Edition),2023-06-24,SOURCE_PIM_PRODUCT_MASTER
SKU-0012312,Air Sandals V204,Air Sandals V204 (New Edition),2024-09-15,SOURCE_PIM_PRODUCT_MASTER
SKU-0012326,Deluxe Jean,Deluxe Jean (New Edition),2024-04-21,SOURCE_PIM_PRODUCT_MASTER
SKU-0012398,Lite Puzzle,Lite Puzzle (New Edition),2025-01-17,SOURCE_PIM_PRODUCT_MASTER
SKU-0012421,Soundbars,Soundbars (New Edition),2024-09-05,SOURCE_PIM_PRODUCT_MASTER
SKU-0012440,Smart Shampoo,Smart Shampoo (New Edition),2023-02-13,SOURCE_PIM_PRODUCT_MASTER
SKU-0012472,Eco Perfumes K363,Ultra Perfumes Z659,2022-01-31,SOURCE_PIM_PRODUCT_MASTER
SKU-0012485,Plus Non-Fiction Q217,Plus Non-Fiction Q217 (New Edition),2022-05-19,SOURCE_PIM_PRODUCT_MASTER
SKU-0012506,Soft Drinks,Soft Drinks (New Edition),2021-01-02,SOURCE_PIM_PRODUCT_MASTER
SKU-0012513,Soft Drink X352,Smart Soft Drink V733,2025-03-16,SOURCE_PIM_PRODUCT_MASTER
SKU-0012546,Premium Water Bottles Q711,Premium Water Bottles Q711 (New Edition),2025-10-30,SOURCE_PIM_PRODUCT_MASTER
SKU-0012570,Ultra Sandals,Ultra Sandals (New Edition),2023-03-14,SOURCE_PIM_PRODUCT_MASTER
SKU-0012613,Max Juices K539,Max Juices S199,2024-03-07,SOURCE_PIM_PRODUCT_MASTER
SKU-0012617,Pro Biscuits X218,Pro Biscuits X218 (New Edition),2021-12-27,SOURCE_PIM_PRODUCT_MASTER
SKU-0012744,Smartphone,Ultra Smartphone Z950,2020-07-21,SOURCE_PIM_PRODUCT_MASTER
SKU-0012786,Microwave,Pro Microwave,2024-09-22,SOURCE_PIM_PRODUCT_MASTER
SKU-0012796,Eco Moisturizer Q381,Eco Moisturizer Q381 (New Edition),2021-03-13,SOURCE_PIM_PRODUCT_MASTER
SKU-0012798,Pro Cases & Cover V930,Classic Cases & Cover,2026-06-15,SOURCE_PIM_PRODUCT_MASTER
SKU-0012833,Pro Smartphone,Smartphone,2023-04-18,SOURCE_PIM_PRODUCT_MASTER
SKU-0012938,Lite Bluetooth Speaker V347,Bluetooth Speaker V294,2025-03-02,SOURCE_PIM_PRODUCT_MASTER
SKU-0012949,Deluxe Resistance Band Z486,Resistance Bands Z682,2020-09-17,SOURCE_PIM_PRODUCT_MASTER
SKU-0013006,Moisturizer,Moisturizer (New Edition),2023-07-19,SOURCE_PIM_PRODUCT_MASTER
SKU-0013057,Premium Perfumes,Ultra Perfumes,2025-07-19,SOURCE_PIM_PRODUCT_MASTER
SKU-0013079,Ultra Sneakers V586,Ultra Sneakers V586 (New Edition),2024-11-09,SOURCE_PIM_PRODUCT_MASTER
SKU-0013083,Ultra Bluetooth Speakers,Ultra Bluetooth Speakers (New Edition),2026-08-20,SOURCE_PIM_PRODUCT_MASTER
SKU-0013087,Deluxe Mixer,Deluxe Mixer (New Edition),2025-08-25,SOURCE_PIM_PRODUCT_MASTER
SKU-0013134,Eco Top,Eco Top (New Edition),2021-01-14,SOURCE_PIM_PRODUCT_MASTER
SKU-0013142,Lite Tent,Lite Tent (New Edition),2022-07-23,SOURCE_PIM_PRODUCT_MASTER
SKU-0013151,Lite Desktops Z741,Plus Desktops Z835,2023-10-25,SOURCE_PIM_PRODUCT_MASTER
SKU-0013174,Max Hair Oil S570,Deluxe Hair Oil S165,2023-06-19,SOURCE_PIM_PRODUCT_MASTER
SKU-0013184,Microwave K661,Pro Microwave S781,2020-05-27,SOURCE_PIM_PRODUCT_MASTER
SKU-0013245,Refrigerator K880,Refrigerator K880 (New Edition),2023-05-29,SOURCE_PIM_PRODUCT_MASTER
SKU-0013250,Deodorants X674,Deodorants,2024-02-02,SOURCE_PIM_PRODUCT_MASTER
SKU-0013265,Plus Saree X391,Essential Sarees,2024-08-04,SOURCE_PIM_PRODUCT_MASTER
SKU-0013300,Badminton Gear S828,Badminton Gear S828 (New Edition),2024-12-15,SOURCE_PIM_PRODUCT_MASTER
SKU-0013320,Ultra Puzzle Z375,Essential Puzzles,2023-02-22,SOURCE_PIM_PRODUCT_MASTER
SKU-0013346,Sneakers Z742,Sneakers Z742 (New Edition),2023-11-15,SOURCE_PIM_PRODUCT_MASTER
SKU-0013361,Classic Biscuits,Biscuits,2021-08-23,SOURCE_PIM_PRODUCT_MASTER
SKU-0013386,Dresses,Dresses (New Edition),2026-05-06,SOURCE_PIM_PRODUCT_MASTER
SKU-0013409,Smart Jeans,Eco Jeans Q579,2021-12-09,SOURCE_PIM_PRODUCT_MASTER
SKU-0013459,Eco Desktops,Eco Desktops (New Edition),2020-03-29,SOURCE_PIM_PRODUCT_MASTER
SKU-0013481,Keyboards & Mice,Keyboards & Mice (New Edition),2026-04-04,SOURCE_PIM_PRODUCT_MASTER
SKU-0013492,Premium Television,Plus Television Z392,2023-09-08,SOURCE_PIM_PRODUCT_MASTER
SKU-0013576,Family Game,Family Games,2025-04-06,SOURCE_PIM_PRODUCT_MASTER
SKU-0013633,Classic Monitors,Premium Monitors,2023-08-22,SOURCE_PIM_PRODUCT_MASTER
SKU-0013712,Juices S668,Air Juices V715,2024-11-30,SOURCE_PIM_PRODUCT_MASTER
SKU-0013756,Smart Tops,Smart Tops (New Edition),2024-09-23,SOURCE_PIM_PRODUCT_MASTER
SKU-0013765,Premium Keyboards & Mice Z815,Plus Keyboards & Mice,2023-03-05,SOURCE_PIM_PRODUCT_MASTER
SKU-0013785,Pro Cooking Oil X641,Cooking Oil,2024-10-18,SOURCE_PIM_PRODUCT_MASTER
SKU-0013786,Cricket Gear X573,Plus Cricket Gear,2024-03-24,SOURCE_PIM_PRODUCT_MASTER
SKU-0013830,Cooking Oil,Cooking Oil V136,2022-01-05,SOURCE_PIM_PRODUCT_MASTER
SKU-0013859,Essential Fiction,Eco Fiction,2021-11-19,SOURCE_PIM_PRODUCT_MASTER
SKU-0013921,Pulse,Pulse (New Edition),2024-05-25,SOURCE_PIM_PRODUCT_MASTER
SKU-0013942,Premium Jacket,Deluxe Jackets Z104,2024-01-26,SOURCE_PIM_PRODUCT_MASTER
SKU-0014034,Classic Sandals Z481,Lite Sandals,2020-08-10,SOURCE_PIM_PRODUCT_MASTER
SKU-0014036,Saree Q486,Saree Q486 (New Edition),2025-02-08,SOURCE_PIM_PRODUCT_MASTER
SKU-0014111,Puzzle,Puzzle Z775,2022-09-15,SOURCE_PIM_PRODUCT_MASTER
SKU-0014132,Ultra Tops K197,Ultra Tops K197 (New Edition),2023-07-26,SOURCE_PIM_PRODUCT_MASTER
SKU-0014139,Trouser,Premium Trouser K357,2023-11-28,SOURCE_PIM_PRODUCT_MASTER
SKU-0014198,Eco Children's Books,Deluxe Children's Book X750,2021-07-27,SOURCE_PIM_PRODUCT_MASTER
SKU-0014200,Doll S554,Doll S554 (New Edition),2022-10-28,SOURCE_PIM_PRODUCT_MASTER
SKU-0014220,Smart Sofa S511,Smart Sofa S511 (New Edition),2019-12-15,SOURCE_PIM_PRODUCT_MASTER
SKU-0014245,Eco Tables Q404,Classic Tables Z221,2022-07-23,SOURCE_PIM_PRODUCT_MASTER
SKU-0014284,Pro Flour V534,Flour S659,2025-01-22,SOURCE_PIM_PRODUCT_MASTER
SKU-0014290,Shirts S846,Lite Shirt,2022-02-24,SOURCE_PIM_PRODUCT_MASTER
SKU-0014293,Ultra Pulse Z904,Ultra Pulse Z904 (New Edition),2025-05-16,SOURCE_PIM_PRODUCT_MASTER
SKU-0014385,Lite Microwaves,Microwaves,2025-04-27,SOURCE_PIM_PRODUCT_MASTER
SKU-0014529,Lite Sunscreen,Lite Sunscreen (New Edition),2022-03-29,SOURCE_PIM_PRODUCT_MASTER
SKU-0014559,Essential Jeans Z949,Essential Jeans Z949 (New Edition),2025-05-05,SOURCE_PIM_PRODUCT_MASTER
SKU-0014584,Shampoo S687,Shampoo S687 (New Edition),2024-05-12,SOURCE_PIM_PRODUCT_MASTER
SKU-0014638,Doll,Dolls Q185,2021-03-21,SOURCE_PIM_PRODUCT_MASTER
SKU-0014669,Air Jacket,Air Jacket (New Edition),2026-08-18,SOURCE_PIM_PRODUCT_MASTER
SKU-0014673,Premium Juices,Premium Juices (New Edition),2022-09-18,SOURCE_PIM_PRODUCT_MASTER
SKU-0014692,Plus Earphones X411,Pro Earphone S123,2021-11-15,SOURCE_PIM_PRODUCT_MASTER
SKU-0014698,Cricket Gear,Air Cricket Gear,2024-02-09,SOURCE_PIM_PRODUCT_MASTER
SKU-0014710,Eco Wall Art Z545,Wall Art,2023-12-25,SOURCE_PIM_PRODUCT_MASTER
SKU-0014776,Jeans Z381,Essential Jean,2024-01-03,SOURCE_PIM_PRODUCT_MASTER
SKU-0014819,Pro Perfume V122,Ultra Perfumes S854,2025-02-21,SOURCE_PIM_PRODUCT_MASTER
SKU-0014886,Conditioner,Conditioner (New Edition),2025-03-25,SOURCE_PIM_PRODUCT_MASTER
SKU-0014897,Juice X666,Deluxe Juices,2023-10-08,SOURCE_PIM_PRODUCT_MASTER
SKU-0014909,Deluxe Backpacks,Lite Backpacks,2022-08-18,SOURCE_PIM_PRODUCT_MASTER
SKU-0014918,Namkeen Z670,Classic Namkeen,2022-10-02,SOURCE_PIM_PRODUCT_MASTER
SKU-0014930,Puzzles,Puzzles (New Edition),2022-09-16,SOURCE_PIM_PRODUCT_MASTER
SKU-0014970,Perfumes X422,Perfumes X422 (New Edition),2026-04-11,SOURCE_PIM_PRODUCT_MASTER
SKU-0014987,Resistance Bands Z801,Premium Resistance Band Z582,2025-11-10,SOURCE_PIM_PRODUCT_MASTER
SKU-0015010,Ultra Conditioner,Ultra Conditioner (New Edition),2025-11-05,SOURCE_PIM_PRODUCT_MASTER
SKU-0015012,Classic Puzzles,Eco Puzzle X456,2026-02-01,SOURCE_PIM_PRODUCT_MASTER
SKU-0015024,Hair Oil K997,Lite Hair Oil V283,2024-05-17,SOURCE_PIM_PRODUCT_MASTER
SKU-0015045,Smartphone K831,Smartphone K831 (New Edition),2025-07-04,SOURCE_PIM_PRODUCT_MASTER
SKU-0015052,Classic Cooking Oil X996,Cooking Oil,2023-07-12,SOURCE_PIM_PRODUCT_MASTER
SKU-0015063,Water Bottle,Water Bottles Q336,2025-08-13,SOURCE_PIM_PRODUCT_MASTER
SKU-0015076,Laptops S367,Laptops S367 (New Edition),2025-04-17,SOURCE_PIM_PRODUCT_MASTER
SKU-0015088,Cases & Covers V469,Cases & Covers V469 (New Edition),2023-05-15,SOURCE_PIM_PRODUCT_MASTER
SKU-0015108,Flour X242,Flour X242 (New Edition),2025-07-02,SOURCE_PIM_PRODUCT_MASTER
SKU-0015168,Essential Resistance Band,Essential Resistance Band (New Edition),2025-08-02,SOURCE_PIM_PRODUCT_MASTER
SKU-0015186,Smart Cases & Cover,Max Cases & Covers,2026-04-05,SOURCE_PIM_PRODUCT_MASTER
SKU-0015327,Eco Shirt V683,Air Shirt Q784,2021-09-13,SOURCE_PIM_PRODUCT_MASTER
SKU-0015377,Soundbar,Soundbar (New Edition),2026-02-04,SOURCE_PIM_PRODUCT_MASTER
SKU-0015383,Chairs,Chairs,2020-01-20,SOURCE_PIM_PRODUCT_MASTER
SKU-0015419,Smart Face Wash,Smart Face Wash (New Edition),2019-04-15,SOURCE_PIM_PRODUCT_MASTER
SKU-0015471,Ultra Earphones,Ultra Earphones (New Edition),2025-07-30,SOURCE_PIM_PRODUCT_MASTER
SKU-0015484,Formal Shoe,Formal Shoe (New Edition),2026-09-04,SOURCE_PIM_PRODUCT_MASTER
SKU-0015500,Classic Sofas X903,Classic Sofas X903 (New Edition),2021-11-30,SOURCE_PIM_PRODUCT_MASTER
SKU-0015528,Lite Curtains K402,Essential Curtain,2021-10-06,SOURCE_PIM_PRODUCT_MASTER
SKU-0015570,Eco Flour V597,Eco Flour V597 (New Edition),2020-10-22,SOURCE_PIM_PRODUCT_MASTER
SKU-0015573,Premium Children's Books K113,Children's Books,2023-11-10,SOURCE_PIM_PRODUCT_MASTER
SKU-0015584,Air Soft Drinks,Soft Drink,2023-09-05,SOURCE_PIM_PRODUCT_MASTER
SKU-0015596,Premium Sarees,Premium Sarees (New Edition),2025-03-18,SOURCE_PIM_PRODUCT_MASTER
SKU-0015600,Action Figure S508,Action Figure S508 (New Edition),2020-11-08,SOURCE_PIM_PRODUCT_MASTER
SKU-0015606,Shampoo,Plus Shampoo V148,2021-03-28,SOURCE_PIM_PRODUCT_MASTER
SKU-0015646,Flour,Flour (New Edition),2025-11-08,SOURCE_PIM_PRODUCT_MASTER
SKU-0015676,Essential Keyboards & Mice S447,Keyboards & Mice S227,2022-03-25,SOURCE_PIM_PRODUCT_MASTER
SKU-0015743,Plus Action Figures Z563,Plus Action Figures Z563 (New Edition),2021-03-26,SOURCE_PIM_PRODUCT_MASTER
SKU-0015779,Pro Dresses S916,Dresse S597,2023-06-22,SOURCE_PIM_PRODUCT_MASTER
SKU-0015841,Premium Jean,Pro Jeans,2021-11-25,SOURCE_PIM_PRODUCT_MASTER
SKU-0015943,Cooking Oil S794,Cooking Oil S794 (New Edition),2025-12-27,SOURCE_PIM_PRODUCT_MASTER
SKU-0015996,Mixer K321,Mixers X571,2023-11-05,SOURCE_PIM_PRODUCT_MASTER
SKU-0016032,Ultra Flour,Max Flour,2024-02-18,SOURCE_PIM_PRODUCT_MASTER
SKU-0016073,Plus Water Bottles Q163,Plus Water Bottles Q163 (New Edition),2023-10-15,SOURCE_PIM_PRODUCT_MASTER
SKU-0016141,Earphone,Earphone (New Edition),2022-03-20,SOURCE_PIM_PRODUCT_MASTER
SKU-0016156,Family Game S661,Eco Family Game,2022-06-16,SOURCE_PIM_PRODUCT_MASTER
SKU-0016180,Biscuit K953,Deluxe Biscuit,2024-10-09,SOURCE_PIM_PRODUCT_MASTER
SKU-0016228,Lighting X928,Ultra Lighting,2021-11-11,SOURCE_PIM_PRODUCT_MASTER
SKU-0016230,Essential Jeans,Jeans,2026-03-19,SOURCE_PIM_PRODUCT_MASTER
SKU-0016235,Lighting K890,Lighting Q209,2022-10-16,SOURCE_PIM_PRODUCT_MASTER
SKU-0016262,Cooking Oil,Cooking Oil (New Edition),2025-03-27,SOURCE_PIM_PRODUCT_MASTER
SKU-0016277,Chargers,Chargers (New Edition),2025-03-24,SOURCE_PIM_PRODUCT_MASTER
SKU-0016296,Eco Beds,Eco Beds (New Edition),2024-07-07,SOURCE_PIM_PRODUCT_MASTER
SKU-0016366,Chairs,Chairs (New Edition),2022-12-19,SOURCE_PIM_PRODUCT_MASTER
SKU-0016412,Shampoo V865,Shampoo V865 (New Edition),2025-07-26,SOURCE_PIM_PRODUCT_MASTER
SKU-0016430,Pens & Pencil,Premium Pens & Pencils,2025-06-05,SOURCE_PIM_PRODUCT_MASTER
SKU-0016439,Lighting,Lighting (New Edition),2023-06-11,SOURCE_PIM_PRODUCT_MASTER
SKU-0016444,Classic Formal Shoe X349,Classic Formal Shoe X349 (New Edition),2024-11-06,SOURCE_PIM_PRODUCT_MASTER
SKU-0016494,Air Face Wash S199,Air Face Wash S199 (New Edition),2024-12-12,SOURCE_PIM_PRODUCT_MASTER
SKU-0016502,Max Cricket Gear X265,Max Cricket Gear X265 (New Edition),2024-11-14,SOURCE_PIM_PRODUCT_MASTER
SKU-0016539,Premium Family Game,Premium Family Game (New Edition),2023-01-07,SOURCE_PIM_PRODUCT_MASTER
SKU-0016563,Smart Notebooks,Classic Notebooks,2020-12-21,SOURCE_PIM_PRODUCT_MASTER
SKU-0016581,Eco Water Bottles S765,Eco Water Bottles S765 (New Edition),2021-03-24,SOURCE_PIM_PRODUCT_MASTER
SKU-0016595,Biscuit Z868,Biscuit Z868 (New Edition),2023-08-29,SOURCE_PIM_PRODUCT_MASTER
SKU-0016633,Classic Desktop K132,Desktop Z290,2026-06-30,SOURCE_PIM_PRODUCT_MASTER
SKU-0016783,Chair,Plus Chair K182,2022-05-16,SOURCE_PIM_PRODUCT_MASTER
SKU-0016810,Pulses Q218,Pulses Q218 (New Edition),2025-11-01,SOURCE_PIM_PRODUCT_MASTER
SKU-0016855,Eco Sandal Q383,Sandals,2022-07-22,SOURCE_PIM_PRODUCT_MASTER
SKU-0016878,Pens & Pencils,Pens & Pencils (New Edition),2025-04-17,SOURCE_PIM_PRODUCT_MASTER
SKU-0016915,Lite Refrigerator S694,Essential Refrigerator,2024-02-16,SOURCE_PIM_PRODUCT_MASTER
SKU-0016944,Deluxe Family Game,Deluxe Family Game (New Edition),2023-01-25,SOURCE_PIM_PRODUCT_MASTER
SKU-0016991,Pro Bluetooth Speaker X505,Pro Bluetooth Speaker X505 (New Edition),2024-12-02,SOURCE_PIM_PRODUCT_MASTER
SKU-0017047,Essential Action Figures,Pro Action Figures K432,2026-08-26,SOURCE_PIM_PRODUCT_MASTER
SKU-0017049,Puzzle,Puzzle (New Edition),2019-12-27,SOURCE_PIM_PRODUCT_MASTER
SKU-0017071,Hair Oil X190,Lite Hair Oil Q870,2025-02-08,SOURCE_PIM_PRODUCT_MASTER
SKU-0017153,Tents V475,Pro Tent S768,2026-06-12,SOURCE_PIM_PRODUCT_MASTER
SKU-0017173,Plus Non-Fiction,Plus Non-Fiction (New Edition),2025-09-15,SOURCE_PIM_PRODUCT_MASTER
SKU-0017228,Flour S909,Flour,2023-07-20,SOURCE_PIM_PRODUCT_MASTER
SKU-0017249,Max Football Gear V259,Football Gear,2022-01-04,SOURCE_PIM_PRODUCT_MASTER
SKU-0017312,Sandals,Sandals (New Edition),2024-01-09,SOURCE_PIM_PRODUCT_MASTER
SKU-0017357,Smart Perfumes,Smart Perfumes Q716,2024-09-03,SOURCE_PIM_PRODUCT_MASTER
SKU-0017359,Air Resistance Band,Air Resistance Band (New Edition),2025-01-12,SOURCE_PIM_PRODUCT_MASTER
SKU-0017382,Perfume,Deluxe Perfumes S792,2021-12-10,SOURCE_PIM_PRODUCT_MASTER
SKU-0017478,Eco Sofas Z900,Air Sofa,2025-05-16,SOURCE_PIM_PRODUCT_MASTER
SKU-0017480,Eco Jacket S904,Jackets V928,2025-06-24,SOURCE_PIM_PRODUCT_MASTER
SKU-0017489,Max Smartphone,Max Smartphone (New Edition),2022-12-27,SOURCE_PIM_PRODUCT_MASTER
SKU-0017508,Plus Badminton Gear,Plus Badminton Gear (New Edition),2025-12-03,SOURCE_PIM_PRODUCT_MASTER
SKU-0017516,Pulse K565,Pulses S398,2024-07-16,SOURCE_PIM_PRODUCT_MASTER
SKU-0017517,Classic Football Gear Z635,Classic Football Gear,2022-04-18,SOURCE_PIM_PRODUCT_MASTER
SKU-0017546,Eco Curtains X323,Premium Curtain X386,2021-04-07,SOURCE_PIM_PRODUCT_MASTER
SKU-0017549,Tents,Tents (New Edition),2025-01-21,SOURCE_PIM_PRODUCT_MASTER
SKU-0017584,Eco Monitors V393,Monitor,2025-02-15,SOURCE_PIM_PRODUCT_MASTER
SKU-0017588,Eco Pens & Pencils S477,Eco Pens & Pencils S477 (New Edition),2025-04-25,SOURCE_PIM_PRODUCT_MASTER
SKU-0017589,Chairs V507,Chairs V507 (New Edition),2020-12-16,SOURCE_PIM_PRODUCT_MASTER
SKU-0017671,Eco Building Block X705,Eco Building Block X705 (New Edition),2024-07-24,SOURCE_PIM_PRODUCT_MASTER
SKU-0017693,Deluxe Chips Q191,Chip V174,2025-04-27,SOURCE_PIM_PRODUCT_MASTER
SKU-0017772,Cooking Oil Q355,Cooking Oil Q355 (New Edition),2024-09-25,SOURCE_PIM_PRODUCT_MASTER
SKU-0017815,Max Resistance Bands,Plus Resistance Band,2024-10-17,SOURCE_PIM_PRODUCT_MASTER
SKU-0017840,Air Sneaker,Air Sneaker (New Edition),2022-06-28,SOURCE_PIM_PRODUCT_MASTER
SKU-0017856,Premium Saree,Premium Saree (New Edition),2024-03-13,SOURCE_PIM_PRODUCT_MASTER
SKU-0017859,Eco Water Bottles,Eco Water Bottles (New Edition),2020-07-03,SOURCE_PIM_PRODUCT_MASTER
SKU-0017875,Deluxe Beds,Deluxe Beds (New Edition),2022-04-04,SOURCE_PIM_PRODUCT_MASTER
SKU-0017921,Premium Sofas X819,Premium Sofas X819 (New Edition),2023-11-18,SOURCE_PIM_PRODUCT_MASTER
SKU-0018012,Eco Juice,Eco Juice (New Edition),2020-06-18,SOURCE_PIM_PRODUCT_MASTER
SKU-0018028,Essential Shampoo,Essential Shampoo (New Edition),2023-06-23,SOURCE_PIM_PRODUCT_MASTER
SKU-0018030,Sunscreen Z267,Sunscreen Z267 (New Edition),2024-04-29,SOURCE_PIM_PRODUCT_MASTER
SKU-0018051,Plus Top,Plus Top (New Edition),2025-01-01,SOURCE_PIM_PRODUCT_MASTER
SKU-0018077,Pro Hair Oil X801,Plus Hair Oil X612,2026-08-16,SOURCE_PIM_PRODUCT_MASTER
SKU-0018184,Puzzles,Puzzles (New Edition),2026-04-08,SOURCE_PIM_PRODUCT_MASTER
SKU-0018193,Refrigerator,Smart Refrigerator,2023-07-25,SOURCE_PIM_PRODUCT_MASTER
SKU-0018230,Mixer Z367,Mixer Z367 (New Edition),2025-12-27,SOURCE_PIM_PRODUCT_MASTER
SKU-0018251,Pens & Pencils,Deluxe Pens & Pencil,2022-10-11,SOURCE_PIM_PRODUCT_MASTER
SKU-0018255,Microwave K841,Lite Microwave Q227,2024-12-10,SOURCE_PIM_PRODUCT_MASTER
SKU-0018291,Smart Monitor,Eco Monitor,2022-05-26,SOURCE_PIM_PRODUCT_MASTER
SKU-0018305,Smart Puzzles,Max Puzzles X560,2023-04-01,SOURCE_PIM_PRODUCT_MASTER
SKU-0018321,Essential Keyboards & Mice S886,Premium Keyboards & Mice Z497,2026-03-23,SOURCE_PIM_PRODUCT_MASTER
SKU-0018350,Children's Book K420,Essential Children's Book V138,2022-05-15,SOURCE_PIM_PRODUCT_MASTER
SKU-0018354,Air Juices X926,Air Juices X926 (New Edition),2022-05-30,SOURCE_PIM_PRODUCT_MASTER
SKU-0018361,Air Sarees,Air Sarees (New Edition),2025-09-07,SOURCE_PIM_PRODUCT_MASTER
SKU-0018388,Pro Jeans,Pro Jeans (New Edition),2024-05-10,SOURCE_PIM_PRODUCT_MASTER
SKU-0018393,Premium Sofa,Plus Sofa S273,2020-09-19,SOURCE_PIM_PRODUCT_MASTER
SKU-0018395,Air Hair Oil,Air Hair Oil (New Edition),2024-04-09,SOURCE_PIM_PRODUCT_MASTER
SKU-0018447,Chips X215,Essential Chip S998,2022-09-03,SOURCE_PIM_PRODUCT_MASTER
SKU-0018485,Lite Desktops S997,Lite Desktops S997 (New Edition),2025-05-11,SOURCE_PIM_PRODUCT_MASTER
SKU-0018488,Ultra Jeans X405,Ultra Jeans X405 (New Edition),2025-09-05,SOURCE_PIM_PRODUCT_MASTER
SKU-0018489,Chair,Chair K961,2023-01-23,SOURCE_PIM_PRODUCT_MASTER
SKU-0018528,Essential Shampoo,Eco Shampoo,2024-09-19,SOURCE_PIM_PRODUCT_MASTER
SKU-0018532,Jacket,Jacket (New Edition),2025-06-20,SOURCE_PIM_PRODUCT_MASTER
SKU-0018537,Water Bottle,Water Bottle (New Edition),2026-05-14,SOURCE_PIM_PRODUCT_MASTER
SKU-0018578,Deluxe Dresse X951,Air Dresse,2026-04-19,SOURCE_PIM_PRODUCT_MASTER
SKU-0018583,Classic Shirts S982,Lite Shirts,2025-05-16,SOURCE_PIM_PRODUCT_MASTER
SKU-0018630,Refrigerators V412,Refrigerators V412 (New Edition),2023-04-21,SOURCE_PIM_PRODUCT_MASTER
SKU-0018667,Max Smartphones S228,Plus Smartphone,2025-05-26,SOURCE_PIM_PRODUCT_MASTER
SKU-0018684,Deluxe Family Games X178,Family Games Q793,2025-09-07,SOURCE_PIM_PRODUCT_MASTER
SKU-0018744,Building Blocks X166,Building Blocks X166 (New Edition),2022-07-23,SOURCE_PIM_PRODUCT_MASTER
SKU-0018830,Doll S524,Doll S524 (New Edition),2023-04-27,SOURCE_PIM_PRODUCT_MASTER
SKU-0018901,Eco Flour Q107,Eco Flour Q107 (New Edition),2026-05-04,SOURCE_PIM_PRODUCT_MASTER
SKU-0018929,Top,Air Tops,2021-06-11,SOURCE_PIM_PRODUCT_MASTER
SKU-0018998,Notebook,Notebook (New Edition),2021-02-22,SOURCE_PIM_PRODUCT_MASTER
SKU-0019012,Air Pens & Pencils,Air Pens & Pencils (New Edition),2022-07-12,SOURCE_PIM_PRODUCT_MASTER
SKU-0019037,Classic Chair K200,Chair,2022-04-01,SOURCE_PIM_PRODUCT_MASTER
SKU-0019044,Essential Moisturizer Z641,Moisturizer V220,2026-04-02,SOURCE_PIM_PRODUCT_MASTER
SKU-0019088,Deluxe Fiction S965,Deluxe Fiction Q136,2022-03-05,SOURCE_PIM_PRODUCT_MASTER
SKU-0019100,Wall Art V748,Wall Art V748 (New Edition),2024-05-26,SOURCE_PIM_PRODUCT_MASTER
SKU-0019140,Lite Tables K680,Tables,2021-12-09,SOURCE_PIM_PRODUCT_MASTER
SKU-0019165,Air Tents V340,Tents Q620,2026-02-07,SOURCE_PIM_PRODUCT_MASTER
SKU-0019176,Plus Sneaker S319,Plus Sneaker S319 (New Edition),2023-03-10,SOURCE_PIM_PRODUCT_MASTER
SKU-0019207,Pro Chip S224,Pro Chip S224 (New Edition),2025-05-24,SOURCE_PIM_PRODUCT_MASTER
SKU-0019214,Air Earphone S944,Air Earphone S944 (New Edition),2024-09-24,SOURCE_PIM_PRODUCT_MASTER
SKU-0019274,Pulses S934,Air Pulse,2023-07-08,SOURCE_PIM_PRODUCT_MASTER
SKU-0019339,Pro Pens & Pencils Z233,Pro Pens & Pencils Z233 (New Edition),2022-06-06,SOURCE_PIM_PRODUCT_MASTER
SKU-0019371,Puzzles Z170,Deluxe Puzzles S795,2022-11-08,SOURCE_PIM_PRODUCT_MASTER
SKU-0019421,Premium Perfumes,Premium Perfumes (New Edition),2023-08-30,SOURCE_PIM_PRODUCT_MASTER
SKU-0019440,Air Juices X924,Plus Juice K678,2022-03-24,SOURCE_PIM_PRODUCT_MASTER
SKU-0019443,Pro Biscuits S183,Eco Biscuits,2024-08-07,SOURCE_PIM_PRODUCT_MASTER
SKU-0019455,Lite Dresses Q677,Lite Dresses Q677 (New Edition),2022-05-19,SOURCE_PIM_PRODUCT_MASTER
SKU-0019506,Plus Water Bottle,Deluxe Water Bottle,2025-04-27,SOURCE_PIM_PRODUCT_MASTER
SKU-0019535,Plus Sofas Z401,Lite Sofa,2024-10-03,SOURCE_PIM_PRODUCT_MASTER
SKU-0019538,Classic Dresse S538,Max Dresse,2026-02-19,SOURCE_PIM_PRODUCT_MASTER
SKU-0019592,Badminton Gear,Badminton Gear (New Edition),2024-08-14,SOURCE_PIM_PRODUCT_MASTER
SKU-0019617,Max Sarees,Max Sarees (New Edition),2025-01-17,SOURCE_PIM_PRODUCT_MASTER
SKU-0019631,Puzzle,Deluxe Puzzles V809,2025-11-01,SOURCE_PIM_PRODUCT_MASTER
SKU-0019635,Air Perfumes,Air Perfumes (New Edition),2024-03-04,SOURCE_PIM_PRODUCT_MASTER
SKU-0019674,Plus Bluetooth Speakers,Essential Bluetooth Speakers Z277,2021-05-23,SOURCE_PIM_PRODUCT_MASTER
SKU-0019687,Smartphone,Smartphone (New Edition),2025-02-09,SOURCE_PIM_PRODUCT_MASTER
SKU-0019690,Max Desktops,Desktops,2023-12-04,SOURCE_PIM_PRODUCT_MASTER
SKU-0019708,Lite Hair Oil X445,Lite Hair Oil X445 (New Edition),2022-12-08,SOURCE_PIM_PRODUCT_MASTER
SKU-0019784,Essential Non-Fiction K806,Essential Non-Fiction K806 (New Edition),2024-11-14,SOURCE_PIM_PRODUCT_MASTER
SKU-0019799,Microwaves K766,Microwaves K766 (New Edition),2024-03-09,SOURCE_PIM_PRODUCT_MASTER
SKU-0019888,Tent,Tent (New Edition),2022-06-28,SOURCE_PIM_PRODUCT_MASTER
SKU-0019927,Backpack Z529,Smart Backpacks,2025-04-16,SOURCE_PIM_PRODUCT_MASTER
SKU-0019934,Perfumes V969,Smart Perfumes K744,2023-10-21,SOURCE_PIM_PRODUCT_MASTER
SKU-0019994,Dumbbell K713,Dumbbells K397,2025-01-05,SOURCE_PIM_PRODUCT_MASTER
