review_id,sku,user_id,display_name,rating,review_text,review_date,verified_purchase,sentiment_label,helpful_votes,source_system,source_file,ingestion_timestamp,batch_id
REV-00003668,SKU-0012483,user_55524,Henry Miranda,4,Highly recommend this product.,2018-12-26,True,POSITIVE,3,SOURCE_G_REVIEWS,reviews_2018.csv,2018-12-26T17:23:41.632059426,BATCH-G-20181226
REV-00003752,SKU-0013125,user_33747,Samantha Johnson,3,Decent but overpriced a bit.,2018-05-14,True,NEUTRAL,3,SOURCE_G_REVIEWS,reviews_2018.csv,2018-05-14T04:26:41.079310821,BATCH-G-20180514
REV-00009681,SKU-0005214,user_9005278,Derek,5,   Highly  recommend  this  product.   ,2018-07-16,True,POSITIVE,9,SOURCE_G_REVIEWS,reviews_2018.csv,2018-07-17T05:10:16.774553357,BATCH-G-20180716
REV-00026261,SKU-0009263,user_9015739,Melissa Burns,5,Fast delivery and great quality. 🔥,2018-09-06,True,POSITIVE,0,SOURCE_G_REVIEWS,reviews_2018.csv,2018-09-06T11:43:29.538602392,BATCH-G-20180906
REV-00048899,SKU-0007136,user_26087,Melissa Deleon,5,Will definitely buy again.,2018-10-17,True,POSITIVE,3,SOURCE_G_REVIEWS,reviews_2018.csv,2018-10-17T07:49:11.293102918,BATCH-G-20181017
REV-00065056,SKU-0005193,user_9005276,Haley Moore,5,Great value for money.,2018-11-27,True,POSITIVE,4,SOURCE_G_REVIEWS,reviews_2018.csv,2018-11-28T01:45:53.649296879,BATCH-G-20181127
REV-00067337,SKU-0006443,user_9009384,Meghan,4,"Perfect gift, they loved it!",2018-10-02,True,POSITIVE,9,SOURCE_G_REVIEWS,reviews_2018.csv,2018-10-02T12:16:11.742576713,BATCH-G-20181002
REV-00071535,SKU-0002695,,Anonymous,4,"Perfect gift, they loved it!",2018-10-11,True,POSITIVE,11,SOURCE_G_REVIEWS,reviews_2018.csv,2018-10-12T03:55:18.329935256,BATCH-G-20181011
REV-00076375,SKU-0002226,user_15564,Jeffrey,4,Not as described at all.,2018-07-23,True,NEGATIVE,2,SOURCE_G_REVIEWS,reviews_2018.csv,2018-07-23T16:45:32.732567659,BATCH-G-20180723
REV-00104776,SKU-0019858,user_9012350,Ashley Espinoza,4,Great value for money.,2018-05-25,True,POSITIVE,2,SOURCE_G_REVIEWS,reviews_2018.csv,2018-05-26T02:00:17.782463361,BATCH-G-20180525
REV-00107441,SKU-0009140,user_9023352,Brittany,4,"Solid build quality, no complaints. 😡",2018-11-19,True,POSITIVE,0,SOURCE_G_REVIEWS,reviews_2018.csv,2018-11-19T03:53:32.207583919,BATCH-G-20181119
REV-00111046,SKU-0009152,user_9021691,Joshua,1,Not as described at all.,2018-12-09,True,NEGATIVE,2,SOURCE_G_REVIEWS,reviews_2018.csv,2018-12-09T22:35:42.978252212,BATCH-G-20181209
