shipment_id,order_id,warehouse_id,ship_date,carrier,skus_shipped,delivery_status,delivered_date,source_system,source_file,ingestion_timestamp,batch_id
SHP-00006421,POS-2024-0066418,WH-014,2018-08-05,Royal Mail,SKU-0008848,DELIVERED,2018-08-06,SOURCE_LOGISTICS_3PL,shipments_2018.csv,2018-08-06T02:00:00,BATCH-SHP-20180805
SHP-00010097,POS-2020-0092204,WH-004,2018-08-25,Royal Mail,SKU-0002126|SKU-0009624|SKU-0003247|SKU-0016116|SKU-0007391,DELIVERED,2018-09-02,SOURCE_LOGISTICS_3PL,shipments_2018.csv,2018-08-26T06:00:00,BATCH-SHP-20180825
SHP-00013592,POS-2024-0023105,WH-016,2018-03-27,DHL,SKU-0007525|SKU-0001196,DELIVERED,2018-04-03,SOURCE_LOGISTICS_3PL,shipments_2018.csv,2018-03-28T05:00:00,BATCH-SHP-20180327
SHP-00015698,POS-2020-0004033,WH-012,2018-12-19,Royal Mail,SKU-0001868|SKU-0013763,OUT_FOR_DELIVERY,,SOURCE_LOGISTICS_3PL,shipments_2018.csv,2018-12-19T17:00:00,BATCH-SHP-20181219
SHP-00023004,POS-2022-0065750,WH-002,2018-04-29,FedEx,SKU-0014018|SKU-0010218,DELIVERED,2018-05-05,SOURCE_LOGISTICS_3PL,shipments_2018.csv,2018-04-29T21:00:00,BATCH-SHP-20180429
SHP-00036352,POS-2020-0029162,WH-014,2018-06-08,Royal Mail,SKU-0017464|SKU-0000889|SKU-0003890,DELIVERED,2018-06-16,SOURCE_LOGISTICS_3PL,shipments_2018.csv,2018-06-08T21:00:00,BATCH-SHP-20180608
SHP-00041910,POS-2020-0051760,WH-006,2018-03-08,Local Courier,SKU-0003986,DELIVERED,2018-03-13,SOURCE_LOGISTICS_3PL,shipments_2018.csv,2018-03-09T10:00:00,BATCH-SHP-20180308
SHP-00043208,POS-2023-0014969,WH-001,2018-05-04,UPS,SKU-0013125,DELIVERED,2018-05-05,SOURCE_LOGISTICS_3PL,shipments_2018.csv,2018-05-04T23:00:00,BATCH-SHP-20180504
SHP-00052815,POS-2019-0090964,WH-002,2018-03-18,BlueDart,SKU-0000401,DELIVERED,2018-03-19,SOURCE_LOGISTICS_3PL,shipments_2018.csv,2018-03-18T06:00:00,BATCH-SHP-20180318
SHP-00054407,POS-2024-0040444,WH-016,2018-12-25,Canada Post,SKU-0010332|SKU-0017767|SKU-0004808,OUT_FOR_DELIVERY,,SOURCE_LOGISTICS_3PL,shipments_2018.csv,2018-12-25T22:00:00,BATCH-SHP-20181225
SHP-00056897,POS-2020-0089290,WH-016,2018-06-20,FedEx,SKU-0005554|SKU-0000917,DELIVERED,2018-06-22,SOURCE_LOGISTICS_3PL,shipments_2018.csv,2018-06-20T21:00:00,BATCH-SHP-20180620
SHP-00056937,POS-2025-0011041,WH-005,2018-09-19,Canada Post,SKU-0015764,DELIVERED,2018-09-20,SOURCE_LOGISTICS_3PL,shipments_2018.csv,2018-09-19T08:00:00,BATCH-SHP-20180919
SHP-00067567,POS-2023-0026104,WH-011,2018-08-07,BlueDart,SKU-0004842|SKU-0005885,IN_TRANSIT,,SOURCE_LOGISTICS_3PL,shipments_2018.csv,2018-08-08T00:00:00,BATCH-SHP-20180807
SHP-00067568,POS-2023-0026104,WH-013,2018-08-06,Canada Post,SKU-0004842|SKU-0004842,OUT_FOR_DELIVERY,,SOURCE_LOGISTICS_3PL,shipments_2018.csv,2018-08-06T23:00:00,BATCH-SHP-20180806
SHP-00067595,POS-2024-0027046,WH-004,2018-10-12,BlueDart,SKU-0001941|SKU-0007585,DELIVERED,2018-10-17,SOURCE_LOGISTICS_3PL,shipments_2018.csv,2018-10-13T08:00:00,BATCH-SHP-20181012
SHP-00067808,POS-2019-0096939,WH-009,2018-10-12,UPS,SKU-0013868|SKU-0006576,DELIVERED,2018-10-15,SOURCE_LOGISTICS_3PL,shipments_2018.csv,2018-10-13T00:00:00,BATCH-SHP-20181012
SHP-00069299,POS-2021-0014426,WH-015,2018-11-17,Canada Post,SKU-0014701,IN_TRANSIT,,SOURCE_LOGISTICS_3PL,shipments_2018.csv,2018-11-18T03:00:00,BATCH-SHP-20181117
SHP-00088755,POS-2021-0008111,WH-010,2018-04-10,Canada Post,SKU-0019858|SKU-0010636|SKU-0017407,RETURNED_TO_SENDER,,SOURCE_LOGISTICS_3PL,shipments_2018.csv,2018-04-10T08:00:00,BATCH-SHP-20180410
SHP-00088756,POS-2021-0008111,WH-004,2018-04-12,Aramex,SKU-0019858|SKU-0017407|SKU-0017407,LOST,,SOURCE_LOGISTICS_3PL,shipments_2018.csv,2018-04-12T19:00:00,BATCH-SHP-20180412
SHP-00094865,POS-2019-0065843,WH-013,2018-05-22,Canada Post,SKU-0000683,IN_TRANSIT,,SOURCE_LOGISTICS_3PL,shipments_2018.csv,2018-05-22T16:00:00,BATCH-SHP-20180522
SHP-00094866,POS-2019-0065843,WH-003,2018-05-22,FedEx,SKU-0017031|SKU-0008304,DELIVERED,2018-05-23,SOURCE_LOGISTICS_3PL,shipments_2018.csv,2018-05-23T14:00:00,BATCH-SHP-20180522
SHP-00102785,POS-2023-0066492,WH-014,2018-10-22,BlueDart,SKU-0016500|SKU-0006506|SKU-0003626|SKU-0001429,DELIVERED,2018-10-26,SOURCE_LOGISTICS_3PL,shipments_2018.csv,2018-10-23T01:00:00,BATCH-SHP-20181022
SHP-00109843,POS-2026-0000650,WH-004,2018-06-22,Royal Mail,SKU-0002695,DELIVERED,2018-06-23,SOURCE_LOGISTICS_3PL,shipments_2018.csv,2018-06-22T23:00:00,BATCH-SHP-20180622
SHP-00110011,POS-2026-0079046,WH-009,2018-07-13,DHL,SKU-0008499|SKU-0004382,DELIVERED,2018-07-17,SOURCE_LOGISTICS_3PL,shipments_2018.csv,2018-07-13T07:00:00,BATCH-SHP-20180713
SHP-00111200,POS-2022-0069552,WH-010,2018-07-02,Canada Post,SKU-0009199|SKU-0005954|SKU-0002632|SKU-0013368|SKU-0014755,DELIVERED,2018-07-04,SOURCE_LOGISTICS_3PL,shipments_2018.csv,2018-07-03T00:00:00,BATCH-SHP-20180702
SHP-00111544,POS-2020-0002319,WH-013,2018-08-20,Canada Post,SKU-0011674,DELIVERED,2018-08-28,SOURCE_LOGISTICS_3PL,shipments_2018.csv,2018-08-21T12:00:00,BATCH-SHP-20180820
SHP-00112560,POS-2025-0074478,WH-003,2018-03-14,Royal Mail,SKU-0004892|SKU-0011225,DELIVERED,2018-03-22,SOURCE_LOGISTICS_3PL,shipments_2018.csv,2018-03-14T22:00:00,BATCH-SHP-20180314
SHP-00113501,POS-2024-0057116,WH-007,2018-08-23,UPS,SKU-0018422,DELIVERED,2018-08-28,SOURCE_LOGISTICS_3PL,shipments_2018.csv,2018-08-24T01:00:00,BATCH-SHP-20180823
SHP-00123615,POS-2024-0018962,WH-012,2018-09-03,DHL,SKU-0004562|SKU-9983938,DELIVERED,2018-09-09,SOURCE_LOGISTICS_3PL,shipments_2018.csv,2018-09-03T12:00:00,BATCH-SHP-20180903
SHP-00130611,POS-2023-0098653,WH-007,2018-07-17,Local Courier,SKU-0002226,DELIVERED,2018-07-20,SOURCE_LOGISTICS_3PL,shipments_2018.csv,2018-07-18T01:00:00,BATCH-SHP-20180717
SHP-00131805,POS-2021-0051582,WH-010,2018-10-27,DHL,SKU-0013774|SKU-0016637,OUT_FOR_DELIVERY,,SOURCE_LOGISTICS_3PL,shipments_2018.csv,2018-10-27T17:00:00,BATCH-SHP-20181027
SHP-00133172,POS-2024-0084726,WH-011,2018-12-13,BlueDart,SKU-9925938|SKU-0010767,DELIVERED,2018-12-18,SOURCE_LOGISTICS_3PL,shipments_2018.csv,2018-12-13T22:00:00,BATCH-SHP-20181213
SHP-00146840,POS-2026-0085282,WH-002,2018-03-11,Royal Mail,SKU-0001461|SKU-0012937,DELIVERED,2018-03-13,SOURCE_LOGISTICS_3PL,shipments_2018.csv,2018-03-11T13:00:00,BATCH-SHP-20180311
SHP-00147782,POS-2020-0083827,WH-013,2018-07-11,Aramex,SKU-0014392|SKU-0007505,DELIVERED,2018-07-16,SOURCE_LOGISTICS_3PL,shipments_2018.csv,2018-07-12T15:00:00,BATCH-SHP-20180711
SHP-00148168,POS-2024-0097470,WH-006,2018-10-24,BlueDart,SKU-0009152,IN_TRANSIT,,SOURCE_LOGISTICS_3PL,shipments_2018.csv,2018-10-24T18:00:00,BATCH-SHP-20181024
SHP-00161821,POS-2023-0068205,WH-011,2018-08-30,Royal Mail,SKU-0009263,DELIVERED,2018-08-31,SOURCE_LOGISTICS_3PL,shipments_2018.csv,2018-08-30T04:00:00,BATCH-SHP-20180830
