source_record_id,pos_transaction_id,line_number,transaction_date,store_code,store_region,product_code,product_name,category_name,supplier_name,customer_id,employee_id,quantity,unit_price,discount_pct,tax_amount,gross_amount,net_amount,currency,payment_method,promo_code,channel,order_status,source_system,source_file,ingestion_timestamp,batch_id
A-1534,POS-2026-0000650,1,2018-06-22 00:00:00,ST-00240,IN-West,SKU-0002695,Tea & Coffee Q895,Beverages,Jimenez Inc,,EMP-009665,1,22446.75,25.0,3030.31,22446.75,19865.37,INR,UPI,,IN_STORE,COMPLETED,SOURCE_A_POS,pos_sales_2026.csv,2026-03-02T16:20:02.358042395,BATCH-A-20260302
A-5412,POS-2020-0002319,1,2018-08-18 00:00:00,ST-00150,AE-Gulf,SKU-0011674,Pro Family Game K134,Board Games,"Marsh, Smith and Cook",,EMP-016362,1,81.52,0.0,4.08,81.52,85.6,AED,UPI,,IN_STORE,COMPLETED,SOURCE_A_POS,pos_sales_2020.csv,2020-12-11T00:32:24.820002368,BATCH-A-20201211
A-7519,POS-2020-0003212,2,2018-10-14 00:00:00,ST-00482,US-West,SKU-0001264,Pro Refrigerator X462,Kitchen Appliances,Santana-Lee,,EMP-009499,1,21.84,10.0,1.57,21.84,21.23,USD,GIFT_CARD,PROMO-0096,IN_STORE,COMPLETED,SOURCE_A_POS,pos_sales_2020.csv,2020-01-11T05:31:42.456927034,BATCH-A-20200111
A-8069,POS-2025-0003435,1,2018-09-10 00:00:00,ST-00340,UK-North,SKU-0018380,Tent S749,Outdoor Recreation,Love-Caldwell,57109,EMP-009095,1,9.69,5.0,1.84,9.69,11.05,GBP,CASH,PROMO-0150,IN_STORE,COMPLETED,SOURCE_A_POS,pos_sales_2025.csv,2025-11-25T19:33:52.677439026,BATCH-A-20251125
A-9399,POS-2022-0004000,2,2018-10-27 00:00:00,ST-00180,IN-West,SKU-0011152,Trousers,Men's Clothing,Patton LLC,62098,EMP-007246,1,463.28,35.1,54.12,463.28,354.79,INR,CARD,PROMO-0046,IN_STORE,COMPLETED,SOURCE_A_POS,pos_sales_2022.csv,2022-07-19T17:58:08.672399862,BATCH-A-20220719
A-9474,POS-2020-0004033,1,2018-12-18 00:00:00,ST-00448,IN-South,SKU-0001868,Shampoo S854,Haircare,"Miranda, Paul and Hawkins",,EMP-002411,1,786.64,5.0,134.52,786.64,881.83,INR,CASH,PROMO-0091,IN_STORE,COMPLETED,SOURCE_A_POS,pos_sales_2020.csv,2020-10-30T00:55:54.282668256,BATCH-A-20201030
A-9767,POS-2026-0004156,5,2018-07-16 00:00:00,ST-00063,UK-South,SKU-0014598,Namkeen,Snacks,James Inc,60235,EMP-018940,1,1.88,0.0,0.38,1.88,2.26,GBP,COD,,IN_STORE,COMPLETED,SOURCE_A_POS,pos_sales_2026.csv,2026-03-16T04:26:42.626578343,BATCH-A-20260316
A-10093,POS-2023-0004295,1,2018-09-27 00:00:00,ST-00013,US-Central,SKU-0004096,Max Tents K312,Outdoor Recreation,Travis Group,,EMP-005964,1,25.65,0.0,2.05,25.65,27.7,USD,WALLET,,IN_STORE,COMPLETED,SOURCE_A_POS,pos_sales_2023.csv,2023-12-14T23:44:20.277339469,BATCH-A-20231214
A-19048,POS-2021-0008111,1,2018-04-10 00:00:00,ST-00077,IN-West,SKU-0019858,Deluxe Trousers K668,Men's Clothing,"Miranda, Paul and Hawkins",,EMP-015894,4,73.7,0.0,53.06,294.8,347.86,INR,CARD,,IN_STORE,COMPLETED,SOURCE_A_POS,pos_sales_2021.csv,2021-05-08T05:01:39.365095156,BATCH-A-20210508
A-19051,POS-2021-0008111,1,2018-04-10 00:00:00,ST-00077,IN-West,SKU-0019858,Deluxe Trousers K668,Men's Clothing,"Miranda, Paul and Hawkins",,EMP-015894,4,73.7,0.0,53.06,294.8,347.86,INR,CARD,,IN_STORE,COMPLETED,SOURCE_A_POS,pos_sales_2021.csv,2021-05-09T23:01:39.365095156,BATCH-A-20210509
A-23463,POS-2019-0009980,5,2018-03-22 00:00:00,ST-00156,CA-West,SKU-0000673,Air Sneakers K306,Footwear,Welch-Dickerson,,EMP-001187,1,231.23,28.9,21.37,231.23,185.77,CAD,NETBANKING,PROMO-0185,IN_STORE,COMPLETED,SOURCE_A_POS,pos_sales_2019.csv,2019-07-30T10:17:22.974492236,BATCH-A-20190730
A-25174,POS-2019-0010700,2,2018-06-11 00:00:00,ST-00087,UK-South,SKU-0007320,Shampoo,Haircare,Martinez-Anderson,51656,EMP-004742,1,35.44,0.0,7.09,35.44,42.53,GBP,UPI,,IN_STORE,COMPLETED,SOURCE_A_POS,pos_sales_2019.csv,2019-07-16T03:43:21.935144094,BATCH-A-20190716
A-25963,POS-2025-0011041,1,2018-09-18 00:00:00,ST-00467,CA-East,SKU-0015764,Max Dresse Q700,Women's Clothing,"Watkins, Patel and Pace",9960,EMP-007015,1,3.61,5.0,0.45,3.61,3.88,CAD,CASH,,IN_STORE,COMPLETED,SOURCE_A_POS,pos_sales_2025.csv,2025-08-29T01:43:49.332637481,BATCH-A-20250829
A-27276,POS-2026-0011611,5,2018-10-25 00:00:00,ST-00340,UK-North,SKU-0014970,Perfumes X422,Fragrances,Hernandez Inc,32393,EMP-009095,1,1.36,0.0,0.27,1.36,1.63,GBP,CARD,,IN_STORE,COMPLETED,SOURCE_A_POS,pos_sales_2026.csv,2026-05-04T22:24:23.124727792,BATCH-A-20260504
A-29220,POS-2023-0012444,1,2018-04-27 00:00:00,ST-00078,CA-East,SKU-0001536,Dumbbell,Fitness,"Hunter, Mcclain and Hensley",51894,EMP-009898,1,23.61,0.0,3.07,23.61,26.68,CAD,UPI,PROMO-0182,IN_STORE,COMPLETED,SOURCE_A_POS,pos_sales_2023.csv,2023-04-03T01:51:48.720670455,BATCH-A-20230403
A-33906,POS-2021-0014426,1,2018-11-17 00:00:00,ST-00518,IN-North,SKU-0014701,Plus Non-Fiction V666,Books,Anderson PLC,32776,EMP-002082,2,2436.46,0.0,877.13,4872.92,5750.05,INR,UPI,,IN_STORE,COMPLETED,SOURCE_A_POS,pos_sales_2021.csv,2021-01-24T01:40:17.298195099,BATCH-A-20210124
A-35234,POS-2023-0014969,1,2018-05-04 00:00:00,ST-00211,US-Central,SKU-0013125,Premium Sofas,Furniture,"Velasquez, Leonard and Randall",,EMP-019292,2,50.93,15.0,6.93,101.86,93.51,USD,CARD,PROMO-0006,IN_STORE,COMPLETED,SOURCE_A_POS,pos_sales_2023.csv,2023-11-10T17:22:25.995400391,BATCH-A-20231110
A-36352,POS-2025-0015438,4,2018-05-29 00:00:00,ST-00302,US-West,SKU-0018304,Essential Fiction,Books,Pearson-Martin,,EMP-016425,1,7.52,15.0,0.51,7.52,6.9,USD,CASH,,IN_STORE,COMPLETED,SOURCE_A_POS,pos_sales_2025.csv,2025-11-05T08:03:49.152824501,BATCH-A-20251105
A-38331,POS-2023-0016294,3,2018-09-11 00:00:00,ST-00358,CA-West,SKU-0007136,Pulses,Staples,Stevens-Melendez,,EMP-009416,1,6.43,11.8,0.74,6.43,6.41,CAD,CARD,PROMO-0006,IN_STORE,COMPLETED,SOURCE_A_POS,pos_sales_2023.csv,2023-11-22T04:10:43.384436181,BATCH-A-20231122
A-39072,POS-2024-0016627,1,2018-10-21 00:00:00,ST-00472,IN-West,0003700,Pens & Pencil V407,Stationery,"Brennan, Patrick and Dennis",69382,EMP-008327,1,36752.66,20.0,5292.38,36752.66,34694.51,INR,NETBANKING,,IN_STORE,COMPLETED,SOURCE_A_POS,pos_sales_2024.csv,2024-08-08T03:16:14.672273604,BATCH-A-20240808
A-39867,POS-2023-0016966,1,2018-05-09 00:00:00,ST-00515,CA-West,SKU-0000700,Deluxe Cricket Gear,Team Sports,Hoffman LLC,,EMP-016111,1,100.92,14.3,11.24,100.92,97.73,CAD,UPI,PROMO-0030,IN_STORE,COMPLETED,SOURCE_A_POS,pos_sales_2023.csv,2023-12-17T07:26:41.595110912,BATCH-A-20231217
A-42207,POS-2020-0017950,1,2018-09-12 00:00:00,ST-00451,US-East,SKU-0002199,Backpack,Outdoor Recreation,"SOLIS, MEYER AND LOPEZ",920687,EMP-019122,1,25.65,0.0,2.05,25.65,27.7,USD,UPI,,IN_STORE,COMPLETED,SOURCE_A_POS,pos_sales_2020.csv,2020-10-13T01:10:43.635263,BATCH-A-20201013
A-44556,POS-2024-0018962,1,2018-09-02 00:00:00,ST-00159,IN-West,SKU-0004562,Deluxe Action Figures X840,Kids Toys,"Williams, Stewart and Benson",,EMP-018750,1,1068.72,0.0,192.37,1068.72,1261.09,INR,CARD,,IN_STORE,COMPLETED,SOURCE_A_POS,pos_sales_2024.csv,2024-02-21T05:14:55.094215501,BATCH-A-20240221
A-45887,POS-2026-0019539,3,2018-08-29 00:00:00,ST-00156,CA-West,SKU-0015675,Pro Shirts V722,Men's Clothing,Vargas Ltd,,EMP-012198,1,7.1,0.0,0.92,7.1,8.02,CAD,CASH,,IN_STORE,COMPLETED,SOURCE_A_POS,pos_sales_2026.csv,2026-07-16T09:47:46.920348974,BATCH-A-20260716
A-48598,POS-2019-0020687,5,2018-09-01 00:00:00,ST-00346,UK-South,SKU-0002695,Tea & Coffee Q895,Beverages,Jimenez Inc,56122,EMP-001744,1,207.8,28.8,29.59,207.8,177.54,GBP,NETBANKING,PROMO-0160,IN_STORE,COMPLETED,SOURCE_A_POS,pos_sales_2019.csv,2019-07-05T04:23:49.454918898,BATCH-A-20190705
A-51158,POS-2022-0021761,3,2018-08-28 00:00:00,ST-00154,UK-South,SKU-0005047,Flour,Staples,"Thompson, Collier and Obrien",,EMP-019466,1,1.97,0.0,0.39,1.97,2.36,GBP,UPI,,IN_STORE,COMPLETED,SOURCE_A_POS,pos_sales_2022.csv,2022-02-12T14:42:02.147300658,BATCH-A-20220212
A-52427,POS-2020-0022300,1,2018-10-09 00:00:00,ST-00401,US-Central,SKU-0019629,Resistance Band,Fitness,Paul-Moore,909333,EMP-000047,1,14.95,10.0,1.08,14.95,14.53,USD,CASH,,IN_STORE,COMPLETED,SOURCE_A_POS,pos_sales_2020.csv,2020-08-31T08:36:44.313285764,BATCH-A-20200831
A-52834,POS-2022-0022483,4,2018-04-07 00:00:00,ST-00017,US-East,SKU-0001401,Face Wash Z569,Skincare,Stevens-Melendez,12671,EMP-000715,1,6.14,0.0,0.49,6.14,6.63,USD,NETBANKING,,IN_STORE,COMPLETED,SOURCE_A_POS,pos_sales_2022.csv,2022-03-04T10:37:22.866040416,BATCH-A-20220304
A-54239,POS-2024-0023105,1,2018-03-25 00:00:00,ST-00297,US-West,SKU-0007525,Sofa K703,Furniture,Moore-Palmer,39909,EMP-012282,1,4.19,10.0,0.3,4.19,4.07,USD,UPI,PROMO-0004,IN_STORE,COMPLETED,SOURCE_A_POS,pos_sales_2024.csv,2024-01-26T01:53:43.639304461,BATCH-A-20240126
A-55316,POS-2026-0023586,3,2018-04-04 00:00:00,ST-00427,CA-West,SKU-0015589,Namkeen,Snacks,"Reyes, Rivas and Rodriguez",,EMP-001776,1,299.76,5.0,37.02,299.76,321.79,CAD,CARD,,IN_STORE,COMPLETED,SOURCE_A_POS,pos_sales_2026.csv,2026-03-12T13:41:42.130031444,BATCH-A-20260312
A-56834,POS-2026-0024231,3,2018-12-13 00:00:00,ST-00336,UK-North,SKU-0000689,Air Backpacks,Outdoor Recreation,Mann LLC,917662,EMP-019584,2,16.61,0.0,6.64,33.22,39.86,GBP,CARD,,IN_STORE,COMPLETED,SOURCE_A_POS,pos_sales_2026.csv,2026-03-13T15:25:48.293519574,BATCH-A-20260313
A-58844,POS-2019-0025093,2,2018-06-07 00:00:00,ST-00258,US-Central,SKU-0017486,Sunscreen Q720,Skincare,Gonzalez LLC,917664,EMP-015564,1,18.84,0.0,1.51,18.84,20.35,USD,CARD,,IN_STORE,COMPLETED,SOURCE_A_POS,pos_sales_2019.csv,2019-03-01T04:42:51.017970527,BATCH-A-20190301
A-59633,POS-2021-0025427,2,2018-10-17 00:00:00,ST-00473,IN-West,SKU-0009140,Smart Smartphones,Mobile & Accessories,"Harris, Green and Johnson",914429,EMP-006384,1,3250.42,0.0,585.08,3250.42,3835.5,INR,CARD,PROMO-0040,IN_STORE,COMPLETED,SOURCE_A_POS,pos_sales_2021.csv,2021-11-14T18:25:26.855000642,BATCH-A-20211114
A-60455,POS-2025-0025797,2,2018-07-26 00:00:00,ST-00447,IN-North,SKU-0009984,Premium Earphones Q273,Mobile & Accessories,Fischer-Rogers,1564,EMP-006069,1,3829.85,20.0,551.5,3829.85,3615.38,INR,CASH,PROMO-0135,IN_STORE,COMPLETED,SOURCE_A_POS,pos_sales_2025.csv,2025-08-05T07:41:49.740452245,BATCH-A-20250805
A-61185,POS-2023-0026104,1,2018-08-06 00:00:00,ST-00456,IN-South,SKU-0004842,Eco Bluetooth Speakers X221,Television & Audio,Walter-Montgomery,,EMP-006789,2,1155.67,15.0,353.64,2311.34,2318.28,INR,CASH,PROMO-0092,IN_STORE,COMPLETED,SOURCE_A_POS,pos_sales_2023.csv,2023-12-16T04:53:06.299826991,BATCH-A-20231216
A-61187,POS-2023-0026104,1,2018-08-06 00:00:00,ST-00456,IN-South,SKU-0004842,Eco Bluetooth Speakers X221,Television & Audio,Walter-Montgomery,,EMP-006789,2,1155.67,15.0,353.64,2311.34,2318.28,INR,CASH,PROMO-0092,IN_STORE,COMPLETED,SOURCE_A_POS,pos_sales_2023.csv,2023-12-18T19:53:06.299826991,BATCH-A-20231218
A-61188,POS-2023-0026104,1,2018-08-06 00:00:00,ST-00456,IN-South,SKU-0004842,Eco Bluetooth Speakers X221,Television & Audio,Walter-Montgomery,,EMP-006789,2,1155.67,15.0,353.64,2311.34,2318.28,INR,CASH,PROMO-0092,IN_STORE,COMPLETED,SOURCE_A_POS,pos_sales_2023.csv,2023-12-21T11:53:06.299826991,BATCH-A-20231221
A-63159,POS-2023-0026925,3,2018-11-24 00:00:00,ST-00389,IN-West,SKU-0010470,Max Refrigerators,Kitchen Appliances,"Garrett, Allen and West",,EMP-012438,1,441.76,25.0,59.64,441.76,390.96,INR,UPI,PROMO-0064,IN_STORE,COMPLETED,SOURCE_A_POS,pos_sales_2023.csv,2023-08-24T07:26:54.588096258,BATCH-A-20230824
A-63230,POS-2026-0026956,1,2018-08-03 00:00:00,ST-00175,IN-West,SKU-0019701,Pro Biscuit,Snacks,Spencer and Sons,,EMP-015625,1,2469.49,0.0,444.51,2469.49,2914.0,INR,COD,,IN_STORE,COMPLETED,SOURCE_A_POS,pos_sales_2026.csv,2026-04-02T02:20:22.421554320,BATCH-A-20260402
A-63445,POS-2024-0027046,1,2018-10-11 00:00:00,ST-00254,AE-Gulf,SKU-0001941,Premium Mixer V100,Kitchen Appliances,Golden PLC,,EMP-015083,2,73.21,10.0,6.59,146.42,138.37,AED,CASH,PROMO-0100,IN_STORE,COMPLETED,SOURCE_A_POS,pos_sales_2024.csv,2024-07-23T13:42:08.354366669,BATCH-A-20240723
A-63618,POS-2022-0027124,2,2018-10-12 00:00:00,ST-00194,IN-West,SKU-0012813,Essential Dolls Z462,Kids Toys,Smith-Thompson,,EMP-010392,2,1572.05,11.9,498.59,3144.1,3268.54,INR,CARD,PROMO-0125,IN_STORE,COMPLETED,SOURCE_A_POS,pos_sales_2022.csv,2022-12-17T14:27:09.808574704,BATCH-A-20221217
A-66558,POS-2024-0028366,2,2018-10-25 00:00:00,ST-00480,US-Central,SKU-0009823,Plus Lighting Z407,Home Decor,Lopez-Baldwin,,EMP-019673,2,11.24,10.0,1.62,22.48,21.85,USD,CARD,PROMO-0009,IN_STORE,VOIDED,SOURCE_A_POS,pos_sales_2024.csv,2024-05-02T06:48:19.695824266,BATCH-A-20240502
A-67022,POS-2026-0028557,4,2018-09-09 00:00:00,ST-00184,UK-North,SKU-0015778,Ultra Tents Z425,Outdoor Recreation, CARTER-RAY ,61300,EMP-013295,2,6.4,0.0,2.56,12.8,15.36,GBP,UPI,,IN_STORE,COMPLETED,SOURCE_A_POS,pos_sales_2026.csv,2026-07-01T02:29:43.750824268,BATCH-A-20260701
A-68447,POS-2020-0029162,1,2018-06-07 00:00:00,ST-00111,IN-West,SKU-0017464,Formal Shoe X881,Footwear,"Reyes, Rivas and Rodriguez",920075,EMP-000656,3,454.78,0.0,245.58,1364.34,1609.92,INR,UPI,,IN_STORE,COMPLETED,SOURCE_A_POS,pos_sales_2020.csv,2020-02-23T03:37:39.704903067,BATCH-A-20200223
A-70664,POS-2019-0030075,2,2018-04-13 00:00:00,ST-00246,CA-West,0002771,Plus Pulses Z552,Staples,"Hernandez, Trevino and Walker",911111,EMP-019433,1,4.03,5.0,0.5,4.03,4.33,CAD,NETBANKING,PROMO-0129,IN_STORE,COMPLETED,SOURCE_A_POS,pos_sales_2019.csv,2019-10-24T22:25:45.198097600,BATCH-A-20191024
A-70771,POS-2019-0030122,4,2018-12-19 00:00:00,ST-00124,IN-South,SKU-0005709,Pro Cricket Gear,Team Sports,"Ramos, Mendez and Scott",,EMP-010024,1,3321.19,25.9,442.98,3321.19,2903.98,INR,CASH,PROMO-0097,IN_STORE,COMPLETED,SOURCE_A_POS,pos_sales_2019.csv,2019-06-20T14:33:12.544413569,BATCH-A-20190620
A-71579,POS-2023-0030474,3,2018-03-21 00:00:00,ST-00367,IN-West,SKU-0002242,Wall Art,Home Decor,Willis Ltd,,EMP-004341,1,6573.95,25.0,887.48,6573.95,5817.94,INR,WALLET,,IN_STORE,COMPLETED,SOURCE_A_POS,pos_sales_2023.csv,2023-11-11T11:51:55.730474136,BATCH-A-20231111
A-72540,POS-2024-0030879,2,2018-05-14 00:00:00,ST-00237,US-East,SKU-0011944,Premium Jacket K578,Men's Clothing,Wilkins-Anthony,,EMP-003439,1,9.02,25.0,0.54,9.02,7.31,USD,CARD,PROMO-0056,IN_STORE,COMPLETED,SOURCE_A_POS,pos_sales_2024.csv,2024-07-19T01:58:56.686918161,BATCH-A-20240719
A-72869,POS-2025-0031020,4,2018-05-03 00:00:00,ST-00090,IN-West,SKU-0014213,Sofa,Furniture,White-Gonzalez,,EMP-010151,1,7545.4,5.0,1290.26,7545.4,8458.39,INR,CARD,PROMO-0126,IN_STORE,COMPLETED,SOURCE_A_POS,pos_sales_2025.csv,2025-10-17T03:31:37.597068057,BATCH-A-20251017
A-76607,POS-2019-0032606,2,2018-08-26 00:00:00,ST-00039,IN-North,SKU-0000723,Eco Tents,Outdoor Recreation,"Reyes, Rivas and Rodriguez",40372,EMP-008752,1,1364.05,0.0,245.53,1364.05,1609.58,INR,WALLET,,IN_STORE,COMPLETED,SOURCE_A_POS,pos_sales_2019.csv,2019-03-07T01:11:10.856624594,BATCH-A-20190307
A-79297,POS-2019-0033744,2,2018-07-18 00:00:00,ST-00161,UK-North,SKU-0009345,Smart Smartphone Z284,Mobile & Accessories,"Camacho, Roberts and Hatfield",,EMP-014552,1,7.02,15.0,1.19,7.02,7.16,GBP,WALLET,PROMO-0090,IN_STORE,COMPLETED,SOURCE_A_POS,pos_sales_2019.csv,2019-05-03T12:46:47.914089770,BATCH-A-20190503
A-86349,POS-2019-0036740,2,2018-04-24 00:00:00,ST-00130,US-Central,SKU-0019197,Premium Face Wash,Skincare,buck-hawkins,14817,EMP-016420,1,108.33,5.0,8.23,108.33,111.14,USD,CARD,PROMO-0062,IN_STORE,COMPLETED,SOURCE_A_POS,pos_sales_2019.csv,2019-10-25T20:14:20.909724099,BATCH-A-20191025
A-86934,POS-2020-0036981,1,2018-07-05 00:00:00,ST-00172,US-Central,SKU-0017159,Ultra Hair Oil X166,Haircare,Gonzalez-Leonard,,EMP-013517,1,10.63,10.0,0.77,10.63,10.34,USD,CARD,,IN_STORE,COMPLETED,SOURCE_A_POS,pos_sales_2020.csv,2020-07-19T18:32:50.905380752,BATCH-A-20200719
A-87115,POS-2024-0037051,2,2018-07-31 00:00:00,ST-00233,IN-East,SKU-0014883,Max Football Gear,Team Sports,Mitchell Ltd,25056,EMP-010780,1,1325.14,0.0,238.53,1325.14,1563.67,INR,UPI,,IN_STORE,COMPLETED,SOURCE_A_POS,pos_sales_2024.csv,2024-01-31T05:44:53.741427302,BATCH-A-20240131
A-91470,POS-2026-0038884,3,2018-07-14 00:00:00,ST-00007,US-East,SKU-0014015,Pens & Pencils Q101,Stationery,"Deleon, Hudson and Horne",,EMP-018698,1,25.89,5.0,1.97,25.89,26.57,USD,CASH,,IN_STORE,COMPLETED,SOURCE_A_POS,pos_sales_2026.csv,2026-04-09T09:43:25.975250686,BATCH-A-20260409
A-95095,POS-2024-0040444,1,2018-12-23 00:00:00,ST-00144,IN-North,SKU-0010332,Lighting K601,Home Decor,Martinez-Craig,913521,EMP-016487,1,3970.52,10.5,639.65,3970.52,4193.27,INR,UPI,PROMO-0123,IN_STORE,COMPLETED,SOURCE_A_POS,pos_sales_2024.csv,2024-11-21T01:41:46.670722102,BATCH-A-20241121
A-95839,POS-2020-0040765,1,2018-04-25 00:00:00,ST-00336,UK-North,SKU-0008981,Deluxe Cooking Oil K144,Staples,"HOUSTON, MARTIN AND SOLIS",,EMP-013572,1,0.78,0.0,0.16,0.78,0.94,GBP,CARD,,IN_STORE,COMPLETED,SOURCE_A_POS,pos_sales_2020.csv,2020-09-12T20:00:00,BATCH-A-20200912
A-95868,POS-2022-0040782,3,2018-05-12 00:00:00,ST-00392,IN-North,SKU-0003651,Family Games,Board Games,"Mcmahon, Mosley and Wilson",28414,EMP-002892,2,1890.68,0.0,680.64,3781.36,4462.0,INR,UPI,,IN_STORE,COMPLETED,SOURCE_A_POS,pos_sales_2022.csv,2022-01-21T03:07:53.311651866,BATCH-A-20220121
A-99766,POS-2023-0042453,2,2018-12-14 00:00:00,ST-00495,IN-West,SKU-0012483,Lite Dumbbell Z975,Fitness," Clements, Sweeney and Johnson ",906231,EMP-014477,1,6575.11,10.0,1065.17,6575.11,6982.77,INR,CASH,PROMO-0093,IN_STORE,COMPLETED,SOURCE_A_POS,pos_sales_2023.csv,2023-05-26T03:42:15.622402238,BATCH-A-20230526
A-102500,POS-2019-0043634,2,2018-06-03 00:00:00,ST-00002,US-West,SKU-0005214,Deluxe Flour S292,Staples,Morales LLC,903699,EMP-001350,1,25.14,0.0,2.01,25.14,27.15,USD,WALLET,,IN_STORE,COMPLETED,SOURCE_A_POS,pos_sales_2019.csv,2019-06-04T12:00:00,BATCH-A-20190604
A-106703,POS-2023-0045406,1,2018-12-02 00:00:00,ST-00352,US-East,SKU-0007026,Bluetooth Speakers Q141,Television & Audio,"Roberts, Anderson and Keith",,EMP-003844,1,9.22,0.0,0.74,9.22,9.96,USD,CARD,,IN_STORE,COMPLETED,SOURCE_A_POS,pos_sales_2023.csv,2023-01-06T22:07:48.008327692,BATCH-A-20230106
A-107636,POS-2023-0045795,4,2018-05-18 00:00:00,ST-00427,CA-West,SKU-0014617,Max Wall Art,Home Decor,Murray-Terry,922976,EMP-013669,1,164.32,10.0,19.23,164.32,167.12,CAD,NETBANKING,PROMO-0093,IN_STORE,COMPLETED,SOURCE_A_POS,pos_sales_2023.csv,2023-05-14T18:25:10.458181135,BATCH-A-20230514
A-108863,POS-2020-0046330,2,2018-05-04 00:00:00,ST-00481,UK-South,SKU-0019955,Ultra Curtains,Home Decor,Gibbs PLC,918419,EMP-011557,1,8.61,0.0,1.72,8.61,10.33,GBP,CARD,,IN_STORE,COMPLETED,SOURCE_A_POS,pos_sales_2020.csv,2020-03-01T05:10:45.761741503,BATCH-A-20200301
A-112193,POS-2025-0047788,2,2018-08-08 00:00:00,ST-00082,US-Central,SKU-0017286,Dumbbells,Fitness,Ellis and Sons,909895,EMP-008209,1,45.83,5.0,3.48,45.83,47.02,USD,CARD,PROMO-0126,IN_STORE,COMPLETED,SOURCE_A_POS,pos_sales_2025.csv,2025-10-12T11:38:19.402182280,BATCH-A-20251012
A-113440,POS-2020-0048327,1,2018-04-12 00:00:00,ST-00226,UK-South,SKU-0012252,Essential Cricket Gear Q456,Team Sports,Meyer and Sons,33291,EMP-005437,1,35.6,0.0,7.12,35.6,42.72,GBP,WALLET,,IN_STORE,COMPLETED,SOURCE_A_POS,pos_sales_2020.csv,2020-06-27T22:47:27.636570816,BATCH-A-20200627
A-116473,POS-2021-0049606,1,2018-04-30 00:00:00,ST-00453,IN-North,SKU-0009293,Premium Fiction K958,Books,"cobb, gregory and howard",,EMP-000579,2,693.75,20.0,199.8,1387.5,1309.8,INR,GIFT_CARD,,IN_STORE,COMPLETED,SOURCE_A_POS,pos_sales_2021.csv,2021-09-29T10:50:43.671196072,BATCH-A-20210929
A-117624,POS-2023-0050097,1,2018-06-23 00:00:00,ST-00328,IN-West,SKU-0014121,Smart Fiction,Books,"Edwards, Williams and Vega",,EMP-014459,1,693.49,0.0,124.83,693.49,818.32,INR,UPI,,IN_STORE,COMPLETED,SOURCE_A_POS,pos_sales_2023.csv,2023-05-16T15:49:43.237946211,BATCH-A-20230516
A-118214,POS-2024-0050362,2,2018-03-27 00:00:00,ST-00101,UK-North,SKU-0016149,Smart Chair,Furniture,Ryan-Lloyd,26039,EMP-007400,1,33.21,25.0,4.98,33.21,29.89,GBP,COD,PROMO-0184,IN_STORE,COMPLETED,SOURCE_A_POS,pos_sales_2024.csv,2024-08-17T01:15:54.165756516,BATCH-A-20240817
A-121107,POS-2021-0051582,1,2018-10-27 00:00:00,ST-00044,IN-North,SKU-0013774,Deodorants,Fragrances,Clark Ltd,69575,EMP-008096,1,4054.19,0.0,729.75,4054.19,4783.94,INR,CARD,,IN_STORE,COMPLETED,SOURCE_A_POS,pos_sales_2021.csv,2021-11-29T04:46:10.518786096,BATCH-A-20211129
A-121506,POS-2020-0051760,1,2018-03-08 00:00:00,ST-00432,IN-East,SKU-0003986,Deluxe Notebooks K881,Stationery,Cruz-Horton,20878,EMP-008032,1,950.03,0.0,171.01,950.03,1121.04,INR,GIFT_CARD,,IN_STORE,COMPLETED,SOURCE_A_POS,pos_sales_2020.csv,2020-08-25T14:48:25.175475060,BATCH-A-20200825
A-127806,POS-2020-0054395,4,2018-08-21 00:00:00,ST-00434,US-Central,SKU-0008749,Ultra Fiction K791,Books,Gibbs PLC,,EMP-010287,1,5.96,5.0,0.45,5.96,6.11,USD,UPI,PROMO-0086,IN_STORE,COMPLETED,SOURCE_A_POS,pos_sales_2020.csv,2020-09-23T22:07:16.025008543,BATCH-A-20200923
A-130644,POS-2025-0055560,1,2018-09-01 00:00:00,ST-00364,CA-East,SKU-0010332,Lighting K601,Home Decor,Martinez-Craig,21204,EMP-019452,1,64.6,0.0,8.4,64.6,73.0,CAD,CASH,,IN_STORE,COMPLETED,SOURCE_A_POS,pos_sales_2025.csv,2025-01-17T04:23:26.153117911,BATCH-A-20250117
A-134377,POS-2024-0057116,1,2018-08-21 00:00:00,ST-00319,US-West,SKU-0018422,Ultra Juices,Beverages,Williamson Inc,57322,EMP-006873,2,124.24,0.0,19.88,248.48,268.36,USD,NETBANKING,,IN_STORE,COMPLETED,SOURCE_A_POS,pos_sales_2024.csv,2024-04-20T17:12:05.450798924,BATCH-A-20240420
A-140087,POS-2024-0059568,3,2018-06-18 00:00:00,ST-00100,UK-South,SKU-0011392,Essential Cricket Gear,Team Sports,Cochran PLC,,EMP-014034,1,6.25,19.2,1.01,6.25,6.06,GBP,CARD,PROMO-0029,IN_STORE,COMPLETED,SOURCE_A_POS,pos_sales_2024.csv,2024-12-22T02:15:01.268544161,BATCH-A-20241222
A-142570,POS-2020-0060627,2,2018-12-24 00:00:00,ST-00040,IN-South,SKU-0010025,Deodorant S807,Fragrances,Ellison Group,,EMP-004962,3,10542.02,0.0,5692.69,31626.06,37318.75,INR,CASH,,IN_STORE,COMPLETED,SOURCE_A_POS,pos_sales_2020.csv,2020-02-18T23:38:21.010947235,BATCH-A-20200218
A-142789,POS-2025-0060724,3,2018-08-28 00:00:00,ST-00005,IN-West,SKU-0006769,Ultra Face Wash S219,Skincare,"Warren, Stewart and Simmons",28375,EMP-013009,1,3244.47,5.0,554.8,3244.47,3637.05,INR,NETBANKING,PROMO-0112,IN_STORE,COMPLETED,SOURCE_A_POS,pos_sales_2025.csv,2025-07-06T15:50:42.791583880,BATCH-A-20250706
A-144853,POS-2023-0061592,1,2018-03-20 00:00:00,ST-00412,US-East,0013932,Pro Tea & Coffee,Beverages,Snyder Group,907664,EMP-019080,4,31.32,0.0,10.02,125.28,135.3,USD,NETBANKING,,IN_STORE,COMPLETED,SOURCE_A_POS,pos_sales_2023.csv,2023-09-17T19:09:45.997509377,BATCH-A-20230917
A-145101,POS-2021-0061698,1,2018-09-05 00:00:00,ST-00264,UK-South,SKU-0011839,Essential Dresses,Women's Clothing,"Jones, Garcia and Skinner",,EMP-001800,1,17.18,0.0,3.44,17.18,20.62,GBP,UPI,,IN_STORE,COMPLETED,SOURCE_A_POS,pos_sales_2021.csv,2021-03-03T20:31:24.388902990,BATCH-A-20210303
A-145719,POS-2022-0061965,4,2018-07-24 00:00:00,ST-00201,AE-Gulf,SKU-0014928,Lite Earphone,Mobile & Accessories,Miranda-Davis,906164,EMP-018645,1,11.1,0.0,0.56,11.1,11.66,AED,NETBANKING,,IN_STORE,COMPLETED,SOURCE_A_POS,pos_sales_2022.csv,2022-09-10T08:29:16.273579341,BATCH-A-20220910
A-149355,POS-2021-0063485,2,2018-10-12 00:00:00,ST-00197,AE-Gulf,SKU-0012988,Air Face Wash,Skincare,Oconnell PLC,,EMP-014029,1,30.68,5.0,1.46,30.68,30.61,AED,WALLET,,IN_STORE,COMPLETED,SOURCE_A_POS,pos_sales_2021.csv,2021-07-09T00:46:43.078535959,BATCH-A-20210709
A-154595,POS-2022-0065750,1,2018-04-29 00:00:00,ST-00420,IN-South,SKU-0014018,Refrigerators Z324,Kitchen Appliances,"Frazier, Chandler and Wilkerson",915740,EMP-009590,1,763.4,15.0,116.8,763.4,765.69,INR,CARD,,IN_STORE,COMPLETED,SOURCE_A_POS,pos_sales_2022.csv,2022-07-07T05:10:14.601248021,BATCH-A-20220707
A-154821,POS-2019-0065843,1,2018-05-20 00:00:00,ST-00483,CA-West,SKU-0000683,Sandals,Footwear,"Terry, Delgado and Harris",22747,EMP-000563,1,11.54,15.0,1.28,11.54,11.09,CAD,NETBANKING,PROMO-0127,IN_STORE,COMPLETED,SOURCE_A_POS,pos_sales_2019.csv,2019-05-26T21:14:53.079142166,BATCH-A-20190526
A-155218,POS-2019-0066007,2,2018-07-24 00:00:00,ST-00452,IN-West,SKU-0019844,Deluxe Lighting Q322,Home Decor,"Taylor, Erickson and Walters",,EMP-010060,2,1744.87,25.0,471.12,3489.74,3088.43,INR,CARD,PROMO-0021,IN_STORE,COMPLETED,SOURCE_A_POS,pos_sales_2019.csv,2019-03-16T06:12:33.203407677,BATCH-A-20190316
A-156155,POS-2024-0066418,1,2018-08-03 00:00:00,ST-00312,IN-South,SKU-0008848,Plus Soft Drink,Beverages,"Hatfield, Hart and Johnson",,EMP-016739,3,3537.92,25.0,1432.86,10613.76,9393.18,INR,UPI,,IN_STORE,COMPLETED,SOURCE_A_POS,pos_sales_2024.csv,2024-03-15T04:23:47.333353132,BATCH-A-20240315
A-156322,POS-2023-0066492,1,2018-10-22 00:00:00,ST-00454,IN-North,SKU-0016500,Trousers,Men's Clothing,buck-hawkins,,EMP-013947,1,5714.52,0.0,1028.61,5714.52,6743.13,INR,CARD,,IN_STORE,COMPLETED,SOURCE_A_POS,pos_sales_2023.csv,2023-06-08T02:16:43.953725692,BATCH-A-20230608
A-159525,POS-2022-0067870,2,2018-07-04 00:00:00,ST-00117,US-West,SKU-0004311,Pro T-Shirts,Men's Clothing,contreras and sons,66604,EMP-003401,1,165.21,10.0,11.9,165.21,160.59,USD,CARD,,IN_STORE,COMPLETED,SOURCE_A_POS,pos_sales_2022.csv,2022-08-15T15:56:49.085940811,BATCH-A-20220815
A-160324,POS-2023-0068205,1,2018-08-30 00:00:00,ST-00054,US-East,SKU-0009263,Plus Bed V253,Furniture,Rodriguez-Griffin,,EMP-017102,1,28.15,0.0,2.25,28.15,30.4,USD,COD,,IN_STORE,COMPLETED,SOURCE_A_POS,pos_sales_2023.csv,2023-12-16T20:43:35.572200761,BATCH-A-20231216
A-163468,POS-2022-0069552,1,2018-07-02 00:00:00,ST-00470,UK-North,SKU-0009199,Lite Backpacks,Outdoor Recreation,"stewart, newton and johnson",,EMP-005954,1,98.35,0.0,19.67,98.35,118.02,GBP,UPI,,IN_STORE,COMPLETED,SOURCE_A_POS,pos_sales_2022.csv,2022-03-23T02:34:36.450139171,BATCH-A-20220323
A-164151,POS-2026-0069828,2,2018-08-30 00:00:00,ST-00071,US-Central,SKU-0002794,Plus Soft Drink,Beverages,Bryan-Day,,EMP-004489,1,120.63,0.0,9.65,120.63,130.28,USD,GIFT_CARD,,IN_STORE,COMPLETED,SOURCE_A_POS,pos_sales_2026.csv,2026-05-25T04:24:09.702860039,BATCH-A-20260525
A-167020,POS-2025-0071008,4,2018-10-02 00:00:00,ST-00196,AE-Gulf,SKU-0009047,Plus Saree X542,Women's Clothing,Smith LLC,58251,EMP-012629,2,84.92,5.0,8.07,169.84,169.42,AED,CARD,,IN_STORE,COMPLETED,SOURCE_A_POS,pos_sales_2025.csv,2025-10-21T08:30:10.543718893,BATCH-A-20251021
A-170112,POS-2019-0072343,3,2018-05-07 00:00:00,ST-00007,US-East,SKU-0019452,Air Yoga Mat,Fitness,"Booth, Frey and Burnett",,EMP-011605,2,12.48,0.0,2.0,24.96,26.96,USD,WALLET,,IN_STORE,COMPLETED,SOURCE_A_POS,pos_sales_2019.csv,2019-08-27T16:28:50.682426131,BATCH-A-20190827
A-170268,POS-2022-0072407,3,2018-06-01 00:00:00,ST-00334,US-West,0008448,Premium Rice,Staples,Snyder and Sons,,EMP-018424,1,29.07,10.0,2.09,29.07,28.25,USD,WALLET,PROMO-0025,IN_STORE,COMPLETED,SOURCE_A_POS,pos_sales_2022.csv,2022-06-24T05:11:16.026017217,BATCH-A-20220624
A-172295,POS-2021-0073271,1,2018-07-15 00:00:00,ST-00413,AE-Gulf,SKU-0000383,Conditioner X509,Haircare,Chapman Inc,1406,EMP-010692,1,18.35,5.0,0.87,18.35,18.3,AED,CASH,,IN_STORE,COMPLETED,SOURCE_A_POS,pos_sales_2021.csv,2021-11-21T00:39:25.096303084,BATCH-A-20211121
A-175107,POS-2025-0074478,1,2018-03-13 00:00:00,ST-00265,IN-South,SKU-0004892,Lite Backpack,Outdoor Recreation,Fitzgerald PLC,,EMP-013784,1,517.72,0.0,93.19,517.72,610.91,INR,UPI,,IN_STORE,COMPLETED,SOURCE_A_POS,pos_sales_2025.csv,2025-04-10T15:20:22.742257113,BATCH-A-20250410
A-176794,POS-2023-0075204,2,2018-07-13 00:00:00,ST-00449,US-East,SKU-0002927,Water Bottle Z533,Outdoor Recreation,Harrison Ltd,,EMP-003675,1,42.14,10.0,3.03,42.14,40.96,USD,CARD,PROMO-0018,IN_STORE,COMPLETED,SOURCE_A_POS,pos_sales_2023.csv,2023-01-01T22:20:16.897186185,BATCH-A-20230101
A-180406,POS-2024-0076699,5,2018-04-13 00:00:00,ST-00439,UK-South,SKU-0017454,Essential Conditioner,Haircare,Miller and Sons,915351,EMP-004927,1,17.33,0.0,3.47,17.33,20.8,GBP,WALLET,,IN_STORE,COMPLETED,SOURCE_A_POS,pos_sales_2024.csv,2024-02-10T17:28:02.860209303,BATCH-A-20240210
A-185995,POS-2019-0079045,2,2018-06-06 00:00:00,ST-00464,CA-West,SKU-0017513,Max Shampoo K952,Haircare,"love, baker and williams",,EMP-017380,1,18.54,0.0,2.41,18.54,20.95,CAD,UPI,,IN_STORE,COMPLETED,SOURCE_A_POS,pos_sales_2019.csv,2019-03-03T14:28:50.214229845,BATCH-A-20190303
A-185996,POS-2026-0079046,1,2018-07-13 00:00:00,ST-00479,UK-North,SKU-0008499,Trouser Q823,Men's Clothing,Miller and Sons,,EMP-014556,1,-48.97,0.0,-9.79,-48.97,-58.76,GBP,WALLET,,IN_STORE,COMPLETED,SOURCE_A_POS,pos_sales_2026.csv,2026-04-08T02:52:39.396419260,BATCH-A-20260408
A-188024,POS-2025-0079904,5,2018-09-18 00:00:00,ST-00460,US-East,SKU-0010733,Essential Sandal,Footwear,Brown-Blair,,EMP-011178,1,36.05,0.0,2.88,36.05,38.93,USD,UPI,,IN_STORE,COMPLETED,SOURCE_A_POS,pos_sales_2025.csv,2025-02-07T00:35:58.390255079,BATCH-A-20250207
A-190792,POS-2024-0081075,2,2018-08-14 00:00:00,ST-00411,IN-East,SKU-0006443,Smart Cases & Covers S369,Mobile & Accessories,"Beltran, Martin and Perkins",,EMP-010983,1,923.28,10.0,149.57,923.28,980.52,INR,NETBANKING,,IN_STORE,COMPLETED,SOURCE_A_POS,pos_sales_2024.csv,2024-12-17T00:36:20.259625139,BATCH-A-20241217
A-194311,POS-2023-0082570,3,2018-12-15 00:00:00,ST-00198,UK-South,SKU-0007372,Desktop,Computers,contreras and sons,61118,EMP-003433,1,8.24,0.0,1.65,8.24,9.89,GBP,CARD,,IN_STORE,COMPLETED,SOURCE_A_POS,pos_sales_2023.csv,2023-01-21T10:17:34.423184439,BATCH-A-20230121
A-195417,POS-2019-0083056,2,2018-11-20 00:00:00,ST-00051,IN-North,SKU-0000683,Sandals,Footwear,"Terry, Delgado and Harris",35479,EMP-009543,1,808.34,5.0,138.23,808.34,906.15,INR,WALLET,,IN_STORE,COMPLETED,SOURCE_A_POS,pos_sales_2019.csv,2019-10-05T04:53:30.822518012,BATCH-A-20191005
A-195629,POS-2019-0083145,2,2018-04-03 00:00:00,ST-00488,US-East,SKU-0002589,Essential Football Gear K179,Team Sports,"Perez, Harvey and Dillon",,EMP-005771,1,-3.63,0.0,-0.29,-3.63,-3.92,USD,CARD,,IN_STORE,COMPLETED,SOURCE_A_POS,pos_sales_2019.csv,2019-01-19T19:57:58.983382497,BATCH-A-20190119
A-197283,POS-2020-0083827,1,2018-07-10 00:00:00,ST-00230,CA-West,SKU-0014392,Max Badminton Gear Z446,Team Sports,Gibbs PLC,,EMP-016717,1,24.87,10.0,2.91,24.87,25.29,CAD,CARD,PROMO-0086,IN_STORE,COMPLETED,SOURCE_A_POS,pos_sales_2020.csv,2020-09-18T11:08:15.006989621,BATCH-A-20200918
A-198461,POS-2023-0084309,1,2018-04-25 00:00:00,ST-00508,IN-West,SKU-0004362,Smartphones,Mobile & Accessories,Martinez-Anderson,38055,EMP-008781,1,504.29,0.0,90.77,504.29,595.06,INR,CARD,,IN_STORE,COMPLETED,SOURCE_A_POS,pos_sales_2023.csv,2023-04-26T09:30:16.819391414,BATCH-A-20230426
A-199476,POS-2024-0084726,1,2018-12-13 00:00:00,ST-00281,IN-North,SKU-9925938,Air Chip S950,Snacks,Lewis-Woods,918921,EMP-015499,2,767.67,10.0,248.73,1535.34,1630.54,INR,COD,PROMO-0099,IN_STORE,COMPLETED,SOURCE_A_POS,pos_sales_2024.csv,2024-01-12T03:15:10.013238688,BATCH-A-20240112
A-200790,POS-2026-0085282,1,2018-03-11 00:00:00,ST-00052,IN-North,SKU-0001461,Moisturizer V591,Skincare, Snow  Ltd ,,EMP-013354,1,3668.65,0.0,660.36,3668.65,4329.01,INR,UPI,,IN_STORE,COMPLETED,SOURCE_A_POS,pos_sales_2026.csv,2026-07-25T05:44:18.766173310,BATCH-A-20260725
A-210163,POS-2020-0089257,2,2018-09-24 00:00:00,ST-00382,AE-Gulf,SKU-0015451,Lite Sandals,Footwear,"Chen, Bolton and Harrison",,EMP-012194,1,22.91,0.0,1.15,22.91,24.06,AED,COD,,IN_STORE,COMPLETED,SOURCE_A_POS,pos_sales_2020.csv,2020-09-29T21:37:52.884467686,BATCH-A-20200929
A-210236,POS-2020-0089290,1,2018-06-18 00:00:00,ST-00223,IN-East,SKU-0005554,Lite Shampoo,Haircare,"Johnson, Pruitt and Duncan",69027,EMP-010798,2,979.25,0.0,352.53,1958.5,2311.03,INR,UPI,,IN_STORE,COMPLETED,SOURCE_A_POS,pos_sales_2020.csv,2020-12-20T15:03:27.286416013,BATCH-A-20201220
A-213627,POS-2025-0090735,2,2018-03-19 00:00:00,ST-00350,US-Central,SKU-0019963,Jacket S223,Men's Clothing,"Perez, Harvey and Dillon",,EMP-019984,2,6.3,30.4,0.7,12.6,9.47,USD,COD,PROMO-0078,IN_STORE,COMPLETED,SOURCE_A_POS,pos_sales_2025.csv,2025-03-20T03:20:18.011744390,BATCH-A-20250320
A-214195,POS-2019-0090964,1,2018-03-16 00:00:00,ST-00363,CA-East,SKU-0000401,Smart Cricket Gear X992,Team Sports,Snyder and Sons,53884,EMP-016096,1,42.3,15.0,4.67,42.3,40.63,CAD,CARD,,IN_STORE,COMPLETED,SOURCE_A_POS,pos_sales_2019.csv,2019-02-25T23:02:08.690005605,BATCH-A-20190225
A-216700,POS-2022-0092029,4,2018-08-10 00:00:00,ST-00276,UK-South,SKU-0018132,Cricket Gear,Team Sports,"Bailey, Shepherd and Williamson",38592,EMP-001469,1,26.49,0.0,5.3,26.49,31.79,GBP,UPI,,IN_STORE,COMPLETED,SOURCE_A_POS,pos_sales_2022.csv,2022-04-15T03:21:11.842196180,BATCH-A-20220415
A-217122,POS-2020-0092204,1,2018-08-24 00:00:00,ST-00469,UK-South,SKU-0002126,Earphones,Mobile & Accessories,Jones LLC,910191,EMP-009165,2,0.81,0.0,0.32,1.62,1.94,GBP,NETBANKING,,IN_STORE,COMPLETED,SOURCE_A_POS,pos_sales_2020.csv,2020-08-30T03:51:35.554242870,BATCH-A-20200830
A-218008,POS-2022-0092587,2,2018-11-28 00:00:00,ST-00484,UK-South,SKU-0014143,Max Building Blocks,Kids Toys,"Walker, Taylor and Carter",915958,EMP-009278,1,4.88,15.0,0.83,4.88,4.98,GBP,CARD,PROMO-0023,IN_STORE,COMPLETED,SOURCE_A_POS,pos_sales_2022.csv,2022-03-29T21:36:37.283572258,BATCH-A-20220329
A-222712,POS-2026-0094602,2,2018-03-19 00:00:00,ST-00334,US-West,0002128,Classic Building Blocks K943,Kids Toys,Marshall-Murray,,EMP-014726,2,15.39,0.0,2.46,30.78,33.24,USD,NETBANKING,,IN_STORE,COMPLETED,SOURCE_A_POS,pos_sales_2026.csv,2026-05-23T16:11:01.276754249,BATCH-A-20260523
A-226629,POS-2023-0096265,1,2018-09-11 00:00:00,ST-00003,IN-North,SKU-0004206,Namkeen S890,Snacks,"Brown, Chapman and Gonzalez",904082,EMP-001861,2,578.52,10.0,187.44,1157.04,1228.78,INR,UPI,PROMO-0093,IN_STORE,COMPLETED,SOURCE_A_POS,pos_sales_2023.csv,2023-05-17T05:51:28.823305219,BATCH-A-20230517
A-228141,POS-2021-0096896,2,2018-12-15 00:00:00,ST-00038,US-Central,SKU-0017842,Lite Pulses,Staples,"Thompson, Collier and Obrien",23899,EMP-011269,1,77.15,0.0,6.17,77.15,83.32,USD,CASH,PROMO-0164,IN_STORE,COMPLETED,SOURCE_A_POS,pos_sales_2021.csv,2021-10-27T08:49:05.645169419,BATCH-A-20211027
A-228231,POS-2019-0096939,1,2018-10-12 00:00:00,ST-00196,AE-Gulf,SKU-0013868,Building Block,Kids Toys,"Harrington, West and Howell",921668,EMP-004137,3,15.59,39.5,1.42,46.77,29.72,AED,UPI,PROMO-0176,IN_STORE,COMPLETED,SOURCE_A_POS,pos_sales_2019.csv,2019-09-23T18:49:50.217334920,BATCH-A-20190923
A-229480,POS-2024-0097470,1,2018-10-22 00:00:00,ST-00433,US-East,SKU-0009152,Dresses S269,Women's Clothing,Clark Ltd,,EMP-016426,2,27.05,5.0,4.11,54.1,55.5,USD,CARD,,IN_STORE,COMPLETED,SOURCE_A_POS,pos_sales_2024.csv,2024-09-23T05:39:48.976862646,BATCH-A-20240923
A-229744,POS-2024-0097583,2,2018-12-31 00:00:00,ST-00277,IN-South,SKU-0013366,Smartphone,Mobile & Accessories,"Casey, Hensley and Daniels",906721,EMP-009404,3,2825.47,0.0,1525.75,8476.41,10002.16,INR,CASH,,IN_STORE,COMPLETED,SOURCE_A_POS,pos_sales_2024.csv,2024-05-31T09:08:55.620274960,BATCH-A-20240531
A-230348,POS-2021-0097837,5,2018-10-09 00:00:00,ST-00217,IN-North,0005193,Classic Lighting Q943,Home Decor,Rodriguez LLC,,EMP-007944,2,3318.82,15.0,1015.56,6637.64,6657.55,INR,COD,,IN_STORE,COMPLETED,SOURCE_A_POS,pos_sales_2021.csv,2021-01-28T16:54:53.808810658,BATCH-A-20210128
A-230946,POS-2025-0098095,2,2018-04-09 00:00:00,ST-00468,IN-West,SKU-0003851,Plus T-Shirt,Men's Clothing,"Brown, Chapman and Gonzalez",,EMP-006779,1,3762.84,28.8,482.25,3762.84,3161.39,INR,NETBANKING,PROMO-0104,IN_STORE,VOIDED,SOURCE_A_POS,pos_sales_2025.csv,2025-12-12T17:44:47.851001173,BATCH-A-20251212
A-232311,POS-2023-0098653,1,2018-07-15 00:00:00,ST-00327,CA-East,SKU-0002226,Smart Perfumes,Fragrances,Estrada Ltd,914371,EMP-013274,1,34.16,0.0,4.44,34.16,38.6,CAD,WALLET,,IN_STORE,COMPLETED,SOURCE_A_POS,pos_sales_2023.csv,2023-12-10T04:27:42.205571825,BATCH-A-20231210
A-232453,POS-2019-0098717,2,2018-11-21 00:00:00,ST-00335,US-Central,SKU-0011815,Pens & Pencil Z670,Stationery,Robertson-Mann,,EMP-005754,1,41.9,0.0,3.35,41.9,45.25,USD,CARD,,IN_STORE,COMPLETED,SOURCE_A_POS,pos_sales_2019.csv,2019-01-30T08:12:07.362084674,BATCH-A-20190130
