promo_code,promo_name,discount_type,discount_value,start_date,end_date,channel_applicability,min_purchase_amount_usd,source_system,source_file
PROMO-0001,Festive Offer 2024,PERCENTAGE,15.7,2024-10-05,2024-10-25,ALL,50.0,SOURCE_A_POS_PROMO_MGMT,promotions.csv
PROMO-0002,Flash Sale 2023,PERCENTAGE,18.9,2023-09-24,2023-10-10,ALL,0.0,SOURCE_A_POS_PROMO_MGMT,promotions.csv
PROMO-0003,Weekend Special 2020,PERCENTAGE,39.8,2020-09-30,2020-10-07,ALL,50.0,SOURCE_A_POS_PROMO_MGMT,promotions.csv
PROMO-0004,Weekend Special 2024,FIXED_AMOUNT,64.89,2024-01-12,2024-01-28,ALL,100.0,SOURCE_A_POS_PROMO_MGMT,promotions.csv
PROMO-0005,Season Clearance 2021,PERCENTAGE,25.1,2021-02-08,2021-02-22,ONLINE,20.0,SOURCE_A_POS_PROMO_MGMT,promotions.csv
PROMO-0006,Member Exclusive 2023,PERCENTAGE,11.8,2023-11-07,2023-11-24,ALL,100.0,SOURCE_A_POS_PROMO_MGMT,promotions.csv
PROMO-0007,Loyalty Bonus 2022,PERCENTAGE,22.4,2022-05-29,2022-06-13,ALL,100.0,SOURCE_A_POS_PROMO_MGMT,promotions.csv
PROMO-0008,Loyalty Bonus 2025,PERCENTAGE,27.0,2025-05-25,2025-06-13,ALL,10.0,SOURCE_A_POS_PROMO_MGMT,promotions.csv
PROMO-0009,Member Exclusive 2024,FIXED_AMOUNT,28.59,2024-04-18,2024-05-05,ONLINE,20.0,SOURCE_A_POS_PROMO_MGMT,promotions.csv
PROMO-0010,Member Exclusive 2021,PERCENTAGE,15.8,2021-04-29,2021-05-08,ONLINE,0.0,SOURCE_A_POS_PROMO_MGMT,promotions.csv
PROMO-0011,Season Clearance 2019,PERCENTAGE,20.1,2019-12-07,2019-12-27,IN_STORE,10.0,SOURCE_A_POS_PROMO_MGMT,promotions.csv
PROMO-0012,Weekend Special 2024,FIXED_AMOUNT,25.65,2024-11-13,2024-11-17,IN_STORE,10.0,SOURCE_A_POS_PROMO_MGMT,promotions.csv
PROMO-0013,Weekend Special 2022,PERCENTAGE,23.6,2022-08-25,2022-08-30,ALL,20.0,SOURCE_A_POS_PROMO_MGMT,promotions.csv
PROMO-0014,Season Clearance 2025,PERCENTAGE,12.8,2025-09-21,2025-10-04,ONLINE,0.0,SOURCE_A_POS_PROMO_MGMT,promotions.csv
PROMO-0015,Festive Offer 2025,PERCENTAGE,38.8,2025-11-25,2025-12-04,ALL,10.0,SOURCE_A_POS_PROMO_MGMT,promotions.csv
PROMO-0016,Festive Offer 2021,PERCENTAGE,18.8,2021-03-14,2021-03-25,ONLINE,50.0,SOURCE_A_POS_PROMO_MGMT,promotions.csv
PROMO-0017,Festive Offer 2022,PERCENTAGE,24.1,2022-09-11,2022-09-15,IN_STORE,10.0,SOURCE_A_POS_PROMO_MGMT,promotions.csv
PROMO-0018,Clearance Blowout 2022,FIXED_AMOUNT,56.88,2022-12-22,2023-01-04,ALL,0.0,SOURCE_A_POS_PROMO_MGMT,promotions.csv
PROMO-0019,Flash Sale 2023,PERCENTAGE,13.2,2023-11-23,2023-11-28,IN_STORE,0.0,SOURCE_A_POS_PROMO_MGMT,promotions.csv
PROMO-0020,Flash Sale 2019,FIXED_AMOUNT,69.07,2019-08-17,2019-08-25,ALL,0.0,SOURCE_A_POS_PROMO_MGMT,promotions.csv
PROMO-0021,Festive Offer 2019,PERCENTAGE,10.4,2019-03-12,2019-03-22,ALL,20.0,SOURCE_A_POS_PROMO_MGMT,promotions.csv
PROMO-0022,Clearance Blowout 2020,PERCENTAGE,33.0,2020-05-05,2020-05-16,ALL,0.0,SOURCE_A_POS_PROMO_MGMT,promotions.csv
PROMO-0023,Loyalty Bonus 2022,PERCENTAGE,35.4,2022-03-27,2022-04-06,ALL,0.0,SOURCE_A_POS_PROMO_MGMT,promotions.csv
PROMO-0024,Member Exclusive 2022,PERCENTAGE,6.0,2022-11-27,2022-12-13,ALL,10.0,SOURCE_A_POS_PROMO_MGMT,promotions.csv
PROMO-0025,Loyalty Bonus 2022,FIXED_AMOUNT,20.68,2022-06-11,2022-06-28,ALL,0.0,SOURCE_A_POS_PROMO_MGMT,promotions.csv
PROMO-0026,Weekend Special 2020,PERCENTAGE,16.4,2020-05-13,2020-05-22,IN_STORE,10.0,SOURCE_A_POS_PROMO_MGMT,promotions.csv
PROMO-0027,Member Exclusive 2025,PERCENTAGE,34.1,2025-02-18,2025-03-07,ALL,100.0,SOURCE_A_POS_PROMO_MGMT,promotions.csv
PROMO-0028,Weekend Special 2026,PERCENTAGE,36.3,2026-01-02,2026-01-13,ALL,0.0,SOURCE_A_POS_PROMO_MGMT,promotions.csv
PROMO-0029,Season Clearance 2024,PERCENTAGE,19.2,2024-12-14,2024-12-22,ONLINE,0.0,SOURCE_A_POS_PROMO_MGMT,promotions.csv
PROMO-0030,Festive Offer 2023,PERCENTAGE,14.3,2023-12-15,2023-12-23,ALL,0.0,SOURCE_A_POS_PROMO_MGMT,promotions.csv
PROMO-0031,Clearance Blowout 2025,PERCENTAGE,18.2,2025-11-23,2025-12-11,ALL,20.0,SOURCE_A_POS_PROMO_MGMT,promotions.csv
PROMO-0032,Weekend Special 2023,FIXED_AMOUNT,77.83,2023-12-14,2023-12-24,IN_STORE,100.0,SOURCE_A_POS_PROMO_MGMT,promotions.csv
PROMO-0033,Season Clearance 2022,PERCENTAGE,19.5,2022-01-15,2022-02-03,ALL,20.0,SOURCE_A_POS_PROMO_MGMT,promotions.csv
PROMO-0034,Member Exclusive 2024,PERCENTAGE,19.1,2024-06-01,2024-06-08,IN_STORE,0.0,SOURCE_A_POS_PROMO_MGMT,promotions.csv
PROMO-0035,New Year Sale 2021,PERCENTAGE,35.0,2021-07-23,2021-08-05,ONLINE,0.0,SOURCE_A_POS_PROMO_MGMT,promotions.csv
PROMO-0036,New Year Sale 2024,PERCENTAGE,35.2,2024-12-22,2025-01-07,ALL,0.0,SOURCE_A_POS_PROMO_MGMT,promotions.csv
PROMO-0037,Clearance Blowout 2023,PERCENTAGE,29.2,2023-01-10,2023-01-17,ALL,100.0,SOURCE_A_POS_PROMO_MGMT,promotions.csv
PROMO-0038,Member Exclusive 2022,PERCENTAGE,17.3,2022-06-21,2022-07-09,ALL,0.0,SOURCE_A_POS_PROMO_MGMT,promotions.csv
PROMO-0039,Flash Sale 2019,PERCENTAGE,26.3,2019-10-26,2019-10-29,IN_STORE,50.0,SOURCE_A_POS_PROMO_MGMT,promotions.csv
PROMO-0040,Season Clearance 2021,PERCENTAGE,8.2,2021-11-06,2021-11-19,ONLINE,10.0,SOURCE_A_POS_PROMO_MGMT,promotions.csv
PROMO-0041,Season Clearance 2025,FIXED_AMOUNT,36.32,2025-03-21,2025-04-06,ALL,100.0,SOURCE_A_POS_PROMO_MGMT,promotions.csv
PROMO-0042,Loyalty Bonus 2019,PERCENTAGE,5.6,2019-12-03,2019-12-23,ALL,10.0,SOURCE_A_POS_PROMO_MGMT,promotions.csv
PROMO-0043,Flash Sale 2019,PERCENTAGE,30.7,2019-01-13,2019-01-29,ONLINE,100.0,SOURCE_A_POS_PROMO_MGMT,promotions.csv
PROMO-0044,Festive Offer 2020,PERCENTAGE,36.2,2020-05-13,2020-06-01,ALL,0.0,SOURCE_A_POS_PROMO_MGMT,promotions.csv
PROMO-0045,Weekend Special 2019,PERCENTAGE,38.6,2019-04-20,2019-04-30,ALL,10.0,SOURCE_A_POS_PROMO_MGMT,promotions.csv
PROMO-0046,Loyalty Bonus 2022,PERCENTAGE,35.1,2022-07-10,2022-07-21,ALL,0.0,SOURCE_A_POS_PROMO_MGMT,promotions.csv
PROMO-0047,Festive Offer 2020,PERCENTAGE,18.0,2020-01-15,2020-01-31,ALL,20.0,SOURCE_A_POS_PROMO_MGMT,promotions.csv
PROMO-0048,New Year Sale 2023,PERCENTAGE,26.3,2023-09-05,2023-09-15,ONLINE,20.0,SOURCE_A_POS_PROMO_MGMT,promotions.csv
PROMO-0049,Festive Offer 2024,PERCENTAGE,10.8,2024-12-22,2025-01-04,ONLINE,0.0,SOURCE_A_POS_PROMO_MGMT,promotions.csv
PROMO-0050,Clearance Blowout 2019,PERCENTAGE,34.7,2019-12-20,2019-12-28,ALL,100.0,SOURCE_A_POS_PROMO_MGMT,promotions.csv
PROMO-0051,Member Exclusive 2021,PERCENTAGE,12.4,2021-03-06,2021-03-15,ALL,100.0,SOURCE_A_POS_PROMO_MGMT,promotions.csv
PROMO-0052,Loyalty Bonus 2020,FIXED_AMOUNT,57.57,2020-08-13,2020-08-26,ALL,0.0,SOURCE_A_POS_PROMO_MGMT,promotions.csv
PROMO-0053,Weekend Special 2023,PERCENTAGE,17.6,2023-02-16,2023-03-06,ALL,0.0,SOURCE_A_POS_PROMO_MGMT,promotions.csv
PROMO-0054,Loyalty Bonus 2024,FIXED_AMOUNT,66.86,2024-04-09,2024-04-21,IN_STORE,10.0,SOURCE_A_POS_PROMO_MGMT,promotions.csv
PROMO-0055,New Year Sale 2022,PERCENTAGE,23.4,2022-09-24,2022-10-05,ALL,50.0,SOURCE_A_POS_PROMO_MGMT,promotions.csv
PROMO-0056,Member Exclusive 2024,FIXED_AMOUNT,47.63,2024-07-19,2024-08-03,ALL,0.0,SOURCE_A_POS_PROMO_MGMT,promotions.csv
PROMO-0057,Festive Offer 2026,PERCENTAGE,7.9,2026-03-20,2026-03-27,IN_STORE,10.0,SOURCE_A_POS_PROMO_MGMT,promotions.csv
PROMO-0058,Festive Offer 2025,PERCENTAGE,35.7,2025-08-17,2025-08-22,ONLINE,20.0,SOURCE_A_POS_PROMO_MGMT,promotions.csv
PROMO-0059,Weekend Special 2021,FIXED_AMOUNT,72.14,2021-05-20,2021-05-25,ALL,20.0,SOURCE_A_POS_PROMO_MGMT,promotions.csv
PROMO-0060,Member Exclusive 2021,PERCENTAGE,16.6,2021-12-18,2021-12-23,ALL,10.0,SOURCE_A_POS_PROMO_MGMT,promotions.csv
PROMO-0061,Member Exclusive 2019,PERCENTAGE,15.9,2019-08-28,2019-08-31,ALL,0.0,SOURCE_A_POS_PROMO_MGMT,promotions.csv
PROMO-0062,Festive Offer 2019,PERCENTAGE,7.5,2019-10-13,2019-10-27,ALL,0.0,SOURCE_A_POS_PROMO_MGMT,promotions.csv
PROMO-0063,Weekend Special 2024,PERCENTAGE,13.2,2024-09-18,2024-10-04,ALL,100.0,SOURCE_A_POS_PROMO_MGMT,promotions.csv
PROMO-0064,Member Exclusive 2023,FIXED_AMOUNT,68.78,2023-08-15,2023-08-29,ONLINE,0.0,SOURCE_A_POS_PROMO_MGMT,promotions.csv
PROMO-0065,Loyalty Bonus 2023,PERCENTAGE,30.8,2023-08-30,2023-09-07,ALL,20.0,SOURCE_A_POS_PROMO_MGMT,promotions.csv
PROMO-0066,Season Clearance 2020,PERCENTAGE,22.3,2020-04-16,2020-05-06,ALL,0.0,SOURCE_A_POS_PROMO_MGMT,promotions.csv
PROMO-0067,Festive Offer 2020,FIXED_AMOUNT,36.1,2020-04-13,2020-04-25,ALL,100.0,SOURCE_A_POS_PROMO_MGMT,promotions.csv
PROMO-0068,Clearance Blowout 2026,PERCENTAGE,21.6,2026-04-01,2026-04-05,ALL,10.0,SOURCE_A_POS_PROMO_MGMT,promotions.csv
PROMO-0069,Weekend Special 2025,PERCENTAGE,10.7,2025-06-14,2025-06-27,ALL,100.0,SOURCE_A_POS_PROMO_MGMT,promotions.csv
PROMO-0070,Member Exclusive 2023,PERCENTAGE,21.1,2023-09-05,2023-09-12,IN_STORE,0.0,SOURCE_A_POS_PROMO_MGMT,promotions.csv
PROMO-0071,Flash Sale 2022,PERCENTAGE,31.4,2022-10-26,2022-11-15,ALL,50.0,SOURCE_A_POS_PROMO_MGMT,promotions.csv
PROMO-0072,Loyalty Bonus 2025,PERCENTAGE,27.3,2025-05-17,2025-05-30,ONLINE,100.0,SOURCE_A_POS_PROMO_MGMT,promotions.csv
PROMO-0073,Season Clearance 2025,FIXED_AMOUNT,58.05,2025-06-30,2025-07-06,ONLINE,20.0,SOURCE_A_POS_PROMO_MGMT,promotions.csv
PROMO-0074,Loyalty Bonus 2022,PERCENTAGE,32.6,2022-11-16,2022-11-23,ONLINE,20.0,SOURCE_A_POS_PROMO_MGMT,promotions.csv
PROMO-0075,Weekend Special 2022,FIXED_AMOUNT,64.97,2022-10-21,2022-10-31,ALL,20.0,SOURCE_A_POS_PROMO_MGMT,promotions.csv
PROMO-0076,Season Clearance 2023,FIXED_AMOUNT,7.58,2023-03-12,2023-03-28,ALL,0.0,SOURCE_A_POS_PROMO_MGMT,promotions.csv
PROMO-0077,New Year Sale 2021,PERCENTAGE,12.5,2021-08-09,2021-08-23,ALL,20.0,SOURCE_A_POS_PROMO_MGMT,promotions.csv
PROMO-0078,Loyalty Bonus 2025,PERCENTAGE,30.4,2025-03-13,2025-03-21,ONLINE,0.0,SOURCE_A_POS_PROMO_MGMT,promotions.csv
PROMO-0079,Flash Sale 2020,PERCENTAGE,16.4,2020-05-17,2020-06-02,IN_STORE,50.0,SOURCE_A_POS_PROMO_MGMT,promotions.csv
PROMO-0080,Flash Sale 2019,PERCENTAGE,22.9,2019-12-15,2019-12-30,ALL,100.0,SOURCE_A_POS_PROMO_MGMT,promotions.csv
PROMO-0081,New Year Sale 2024,PERCENTAGE,22.3,2024-03-02,2024-03-21,ALL,20.0,SOURCE_A_POS_PROMO_MGMT,promotions.csv
PROMO-0082,Loyalty Bonus 2022,PERCENTAGE,28.8,2022-11-24,2022-11-30,IN_STORE,0.0,SOURCE_A_POS_PROMO_MGMT,promotions.csv
PROMO-0083,Weekend Special 2023,PERCENTAGE,34.5,2023-04-07,2023-04-20,ALL,10.0,SOURCE_A_POS_PROMO_MGMT,promotions.csv
PROMO-0084,Member Exclusive 2020,FIXED_AMOUNT,70.17,2020-12-01,2020-12-09,ONLINE,20.0,SOURCE_A_POS_PROMO_MGMT,promotions.csv
PROMO-0085,New Year Sale 2025,FIXED_AMOUNT,45.79,2025-06-03,2025-06-09,ALL,20.0,SOURCE_A_POS_PROMO_MGMT,promotions.csv
PROMO-0086,Clearance Blowout 2020,FIXED_AMOUNT,37.05,2020-09-10,2020-09-25,ALL,0.0,SOURCE_A_POS_PROMO_MGMT,promotions.csv
PROMO-0087,Member Exclusive 2024,FIXED_AMOUNT,67.3,2024-12-28,2025-01-17,ONLINE,100.0,SOURCE_A_POS_PROMO_MGMT,promotions.csv
PROMO-0088,Flash Sale 2020,PERCENTAGE,6.9,2020-10-08,2020-10-17,ALL,0.0,SOURCE_A_POS_PROMO_MGMT,promotions.csv
PROMO-0089,New Year Sale 2024,PERCENTAGE,14.4,2024-11-16,2024-11-23,IN_STORE,0.0,SOURCE_A_POS_PROMO_MGMT,promotions.csv
PROMO-0090,Loyalty Bonus 2019,PERCENTAGE,9.8,2019-04-30,2019-05-17,ALL,0.0,SOURCE_A_POS_PROMO_MGMT,promotions.csv
PROMO-0091,Weekend Special 2020,PERCENTAGE,16.6,2020-10-17,2020-11-05,ONLINE,0.0,SOURCE_A_POS_PROMO_MGMT,promotions.csv
PROMO-0092,Weekend Special 2023,FIXED_AMOUNT,64.52,2023-11-27,2023-12-15,ALL,20.0,SOURCE_A_POS_PROMO_MGMT,promotions.csv
PROMO-0093,Season Clearance 2023,FIXED_AMOUNT,77.7,2023-05-13,2023-05-25,IN_STORE,10.0,SOURCE_A_POS_PROMO_MGMT,promotions.csv
PROMO-0094,Festive Offer 2019,PERCENTAGE,33.4,2019-12-10,2019-12-18,ALL,0.0,SOURCE_A_POS_PROMO_MGMT,promotions.csv
PROMO-0095,Festive Offer 2019,PERCENTAGE,11.4,2019-09-24,2019-10-01,ALL,100.0,SOURCE_A_POS_PROMO_MGMT,promotions.csv
PROMO-0096,Season Clearance 2020,PERCENTAGE,39.5,2020-01-02,2020-01-21,IN_STORE,20.0,SOURCE_A_POS_PROMO_MGMT,promotions.csv
PROMO-0097,Festive Offer 2019,PERCENTAGE,25.9,2019-06-20,2019-06-29,ALL,0.0,SOURCE_A_POS_PROMO_MGMT,promotions.csv
PROMO-0098,Clearance Blowout 2025,FIXED_AMOUNT,43.81,2025-06-17,2025-06-23,ALL,0.0,SOURCE_A_POS_PROMO_MGMT,promotions.csv
PROMO-0099,Season Clearance 2024,FIXED_AMOUNT,68.65,2024-01-02,2024-01-13,ALL,10.0,SOURCE_A_POS_PROMO_MGMT,promotions.csv
PROMO-0100,New Year Sale 2024,FIXED_AMOUNT,53.65,2024-07-15,2024-07-31,ONLINE,0.0,SOURCE_A_POS_PROMO_MGMT,promotions.csv
PROMO-0101,Season Clearance 2024,PERCENTAGE,11.5,2024-09-13,2024-09-27,ALL,10.0,SOURCE_A_POS_PROMO_MGMT,promotions.csv
PROMO-0102,Season Clearance 2025,PERCENTAGE,23.6,2025-12-15,2025-12-18,ALL,100.0,SOURCE_A_POS_PROMO_MGMT,promotions.csv
PROMO-0103,Season Clearance 2019,PERCENTAGE,17.0,2019-12-16,2020-01-04,ALL,10.0,SOURCE_A_POS_PROMO_MGMT,promotions.csv
PROMO-0104,Flash Sale 2025,PERCENTAGE,28.8,2025-11-29,2025-12-13,ALL,0.0,SOURCE_A_POS_PROMO_MGMT,promotions.csv
PROMO-0105,Loyalty Bonus 2021,FIXED_AMOUNT,18.55,2021-04-28,2021-05-07,IN_STORE,0.0,SOURCE_A_POS_PROMO_MGMT,promotions.csv
PROMO-0106,Festive Offer 2024,FIXED_AMOUNT,16.35,2024-09-15,2024-09-18,ALL,10.0,SOURCE_A_POS_PROMO_MGMT,promotions.csv
PROMO-0107,Member Exclusive 2024,FIXED_AMOUNT,76.99,2024-03-31,2024-04-08,ALL,20.0,SOURCE_A_POS_PROMO_MGMT,promotions.csv
PROMO-0108,Season Clearance 2019,PERCENTAGE,33.6,2019-01-14,2019-01-18,IN_STORE,0.0,SOURCE_A_POS_PROMO_MGMT,promotions.csv
PROMO-0109,Flash Sale 2022,PERCENTAGE,29.5,2022-03-24,2022-04-13,IN_STORE,0.0,SOURCE_A_POS_PROMO_MGMT,promotions.csv
PROMO-0110,Season Clearance 2019,FIXED_AMOUNT,65.18,2019-04-22,2019-04-27,ONLINE,10.0,SOURCE_A_POS_PROMO_MGMT,promotions.csv
PROMO-0111,Loyalty Bonus 2022,PERCENTAGE,21.3,2022-03-06,2022-03-10,ALL,0.0,SOURCE_A_POS_PROMO_MGMT,promotions.csv
PROMO-0112,Flash Sale 2025,PERCENTAGE,9.7,2025-07-03,2025-07-06,IN_STORE,100.0,SOURCE_A_POS_PROMO_MGMT,promotions.csv
PROMO-0113,Flash Sale 2022,PERCENTAGE,6.6,2022-04-13,2022-04-18,ONLINE,20.0,SOURCE_A_POS_PROMO_MGMT,promotions.csv
PROMO-0114,Festive Offer 2020,PERCENTAGE,15.4,2020-03-14,2020-03-26,ALL,10.0,SOURCE_A_POS_PROMO_MGMT,promotions.csv
PROMO-0115,Loyalty Bonus 2025,FIXED_AMOUNT,33.15,2025-09-26,2025-10-05,ALL,100.0,SOURCE_A_POS_PROMO_MGMT,promotions.csv
PROMO-0116,Member Exclusive 2026,PERCENTAGE,15.1,2026-01-14,2026-02-01,ONLINE,10.0,SOURCE_A_POS_PROMO_MGMT,promotions.csv
PROMO-0117,Loyalty Bonus 2022,PERCENTAGE,27.7,2022-11-21,2022-11-24,ALL,0.0,SOURCE_A_POS_PROMO_MGMT,promotions.csv
PROMO-0118,Weekend Special 2025,FIXED_AMOUNT,55.3,2025-05-03,2025-05-11,ALL,0.0,SOURCE_A_POS_PROMO_MGMT,promotions.csv
PROMO-0119,Loyalty Bonus 2024,PERCENTAGE,10.9,2024-11-12,2024-11-30,ALL,100.0,SOURCE_A_POS_PROMO_MGMT,promotions.csv
PROMO-0120,Clearance Blowout 2021,FIXED_AMOUNT,36.87,2021-06-09,2021-06-26,ONLINE,0.0,SOURCE_A_POS_PROMO_MGMT,promotions.csv
PROMO-0121,Weekend Special 2022,PERCENTAGE,11.3,2022-12-19,2022-12-30,ALL,20.0,SOURCE_A_POS_PROMO_MGMT,promotions.csv
PROMO-0122,Member Exclusive 2021,FIXED_AMOUNT,53.16,2021-12-10,2021-12-17,ONLINE,20.0,SOURCE_A_POS_PROMO_MGMT,promotions.csv
PROMO-0123,New Year Sale 2024,PERCENTAGE,10.5,2024-11-21,2024-12-09,ALL,10.0,SOURCE_A_POS_PROMO_MGMT,promotions.csv
PROMO-0124,Flash Sale 2019,PERCENTAGE,9.6,2019-12-10,2019-12-24,ALL,0.0,SOURCE_A_POS_PROMO_MGMT,promotions.csv
PROMO-0125,New Year Sale 2022,PERCENTAGE,11.9,2022-12-03,2022-12-18,ALL,50.0,SOURCE_A_POS_PROMO_MGMT,promotions.csv
PROMO-0126,Season Clearance 2025,PERCENTAGE,39.2,2025-10-06,2025-10-25,ONLINE,50.0,SOURCE_A_POS_PROMO_MGMT,promotions.csv
PROMO-0127,Festive Offer 2019,FIXED_AMOUNT,45.58,2019-05-18,2019-05-29,ALL,10.0,SOURCE_A_POS_PROMO_MGMT,promotions.csv
PROMO-0128,Festive Offer 2019,PERCENTAGE,36.4,2019-12-14,2019-12-21,ALL,0.0,SOURCE_A_POS_PROMO_MGMT,promotions.csv
PROMO-0129,Member Exclusive 2019,PERCENTAGE,8.8,2019-10-23,2019-11-02,ONLINE,0.0,SOURCE_A_POS_PROMO_MGMT,promotions.csv
PROMO-0130,Clearance Blowout 2022,PERCENTAGE,11.0,2022-11-24,2022-11-27,ONLINE,20.0,SOURCE_A_POS_PROMO_MGMT,promotions.csv
PROMO-0131,Clearance Blowout 2022,PERCENTAGE,7.5,2022-11-05,2022-11-21,IN_STORE,20.0,SOURCE_A_POS_PROMO_MGMT,promotions.csv
PROMO-0132,Flash Sale 2022,PERCENTAGE,13.2,2022-04-02,2022-04-20,ALL,0.0,SOURCE_A_POS_PROMO_MGMT,promotions.csv
PROMO-0133,Loyalty Bonus 2023,PERCENTAGE,9.5,2023-07-31,2023-08-09,ALL,0.0,SOURCE_A_POS_PROMO_MGMT,promotions.csv
PROMO-0134,Member Exclusive 2021,FIXED_AMOUNT,26.28,2021-12-11,2021-12-24,ONLINE,10.0,SOURCE_A_POS_PROMO_MGMT,promotions.csv
PROMO-0135,Weekend Special 2025,PERCENTAGE,24.5,2025-07-30,2025-08-13,ALL,20.0,SOURCE_A_POS_PROMO_MGMT,promotions.csv
PROMO-0136,Clearance Blowout 2024,FIXED_AMOUNT,45.17,2024-05-29,2024-06-10,ALL,100.0,SOURCE_A_POS_PROMO_MGMT,promotions.csv
PROMO-0137,Clearance Blowout 2025,PERCENTAGE,33.4,2025-05-11,2025-05-18,ONLINE,50.0,SOURCE_A_POS_PROMO_MGMT,promotions.csv
PROMO-0138,Festive Offer 2020,FIXED_AMOUNT,54.78,2020-12-01,2020-12-08,ALL,50.0,SOURCE_A_POS_PROMO_MGMT,promotions.csv
PROMO-0139,Clearance Blowout 2023,FIXED_AMOUNT,22.19,2023-07-27,2023-08-07,ONLINE,100.0,SOURCE_A_POS_PROMO_MGMT,promotions.csv
PROMO-0140,Season Clearance 2023,PERCENTAGE,29.2,2023-06-12,2023-06-19,ALL,50.0,SOURCE_A_POS_PROMO_MGMT,promotions.csv
PROMO-0141,Weekend Special 2022,PERCENTAGE,7.6,2022-06-27,2022-07-13,ALL,100.0,SOURCE_A_POS_PROMO_MGMT,promotions.csv
PROMO-0142,Loyalty Bonus 2024,PERCENTAGE,25.1,2024-02-26,2024-03-05,ALL,0.0,SOURCE_A_POS_PROMO_MGMT,promotions.csv
PROMO-0143,Member Exclusive 2020,PERCENTAGE,26.1,2020-04-12,2020-05-01,IN_STORE,100.0,SOURCE_A_POS_PROMO_MGMT,promotions.csv
PROMO-0144,Festive Offer 2021,PERCENTAGE,25.0,2021-04-24,2021-05-10,ALL,20.0,SOURCE_A_POS_PROMO_MGMT,promotions.csv
PROMO-0145,Clearance Blowout 2024,FIXED_AMOUNT,37.54,2024-01-23,2024-01-26,ALL,50.0,SOURCE_A_POS_PROMO_MGMT,promotions.csv
PROMO-0146,Season Clearance 2022,FIXED_AMOUNT,49.54,2022-10-26,2022-10-30,ALL,50.0,SOURCE_A_POS_PROMO_MGMT,promotions.csv
PROMO-0147,Loyalty Bonus 2019,PERCENTAGE,31.1,2019-07-27,2019-08-08,ALL,100.0,SOURCE_A_POS_PROMO_MGMT,promotions.csv
PROMO-0148,Loyalty Bonus 2025,PERCENTAGE,8.3,2025-07-08,2025-07-14,IN_STORE,0.0,SOURCE_A_POS_PROMO_MGMT,promotions.csv
PROMO-0149,Weekend Special 2020,PERCENTAGE,19.8,2020-05-31,2020-06-12,ALL,10.0,SOURCE_A_POS_PROMO_MGMT,promotions.csv
PROMO-0150,Weekend Special 2025,PERCENTAGE,11.6,2025-11-21,2025-12-08,ALL,10.0,SOURCE_A_POS_PROMO_MGMT,promotions.csv
PROMO-0151,Festive Offer 2020,PERCENTAGE,22.3,2020-03-20,2020-04-07,ALL,0.0,SOURCE_A_POS_PROMO_MGMT,promotions.csv
PROMO-0152,New Year Sale 2025,PERCENTAGE,11.0,2025-11-28,2025-12-02,ALL,50.0,SOURCE_A_POS_PROMO_MGMT,promotions.csv
PROMO-0153,Clearance Blowout 2019,PERCENTAGE,14.0,2019-07-31,2019-08-19,ALL,10.0,SOURCE_A_POS_PROMO_MGMT,promotions.csv
PROMO-0154,Member Exclusive 2024,PERCENTAGE,23.5,2024-10-12,2024-10-30,ONLINE,0.0,SOURCE_A_POS_PROMO_MGMT,promotions.csv
PROMO-0155,New Year Sale 2024,FIXED_AMOUNT,6.48,2024-04-15,2024-04-19,ALL,50.0,SOURCE_A_POS_PROMO_MGMT,promotions.csv
PROMO-0156,Flash Sale 2025,PERCENTAGE,19.2,2025-08-24,2025-09-09,ALL,20.0,SOURCE_A_POS_PROMO_MGMT,promotions.csv
PROMO-0157,Flash Sale 2020,FIXED_AMOUNT,30.46,2020-08-19,2020-08-23,ALL,100.0,SOURCE_A_POS_PROMO_MGMT,promotions.csv
PROMO-0158,Loyalty Bonus 2024,PERCENTAGE,14.8,2024-01-15,2024-01-20,ALL,100.0,SOURCE_A_POS_PROMO_MGMT,promotions.csv
PROMO-0159,Member Exclusive 2020,FIXED_AMOUNT,14.97,2020-01-06,2020-01-21,ONLINE,0.0,SOURCE_A_POS_PROMO_MGMT,promotions.csv
PROMO-0160,Season Clearance 2019,PERCENTAGE,28.8,2019-06-27,2019-07-06,ONLINE,0.0,SOURCE_A_POS_PROMO_MGMT,promotions.csv
PROMO-0161,Weekend Special 2024,PERCENTAGE,32.7,2024-11-25,2024-12-11,IN_STORE,10.0,SOURCE_A_POS_PROMO_MGMT,promotions.csv
PROMO-0162,Member Exclusive 2019,PERCENTAGE,13.8,2019-02-13,2019-02-18,ALL,50.0,SOURCE_A_POS_PROMO_MGMT,promotions.csv
PROMO-0163,Season Clearance 2019,PERCENTAGE,6.1,2019-11-26,2019-12-10,ALL,100.0,SOURCE_A_POS_PROMO_MGMT,promotions.csv
PROMO-0164,Member Exclusive 2021,PERCENTAGE,5.9,2021-10-24,2021-11-06,ALL,0.0,SOURCE_A_POS_PROMO_MGMT,promotions.csv
PROMO-0165,Member Exclusive 2021,PERCENTAGE,6.7,2021-09-27,2021-10-13,ALL,50.0,SOURCE_A_POS_PROMO_MGMT,promotions.csv
PROMO-0166,Loyalty Bonus 2021,PERCENTAGE,16.7,2021-12-24,2022-01-03,ALL,50.0,SOURCE_A_POS_PROMO_MGMT,promotions.csv
PROMO-0167,New Year Sale 2021,FIXED_AMOUNT,22.83,2021-01-01,2021-01-20,ALL,20.0,SOURCE_A_POS_PROMO_MGMT,promotions.csv
PROMO-0168,Member Exclusive 2021,FIXED_AMOUNT,79.95,2021-09-26,2021-10-09,ALL,0.0,SOURCE_A_POS_PROMO_MGMT,promotions.csv
PROMO-0169,Flash Sale 2020,FIXED_AMOUNT,66.04,2020-03-24,2020-04-01,ALL,50.0,SOURCE_A_POS_PROMO_MGMT,promotions.csv
PROMO-0170,Season Clearance 2019,PERCENTAGE,15.2,2019-10-27,2019-11-16,ALL,0.0,SOURCE_A_POS_PROMO_MGMT,promotions.csv
PROMO-0171,New Year Sale 2020,PERCENTAGE,14.8,2020-05-28,2020-06-03,ALL,100.0,SOURCE_A_POS_PROMO_MGMT,promotions.csv
PROMO-0172,Festive Offer 2024,FIXED_AMOUNT,77.66,2024-02-21,2024-03-04,ALL,0.0,SOURCE_A_POS_PROMO_MGMT,promotions.csv
PROMO-0173,Clearance Blowout 2020,PERCENTAGE,9.4,2020-07-09,2020-07-13,ONLINE,0.0,SOURCE_A_POS_PROMO_MGMT,promotions.csv
PROMO-0174,Flash Sale 2019,PERCENTAGE,27.0,2019-03-31,2019-04-05,ALL,0.0,SOURCE_A_POS_PROMO_MGMT,promotions.csv
PROMO-0175,Loyalty Bonus 2019,PERCENTAGE,29.4,2019-03-09,2019-03-15,ALL,0.0,SOURCE_A_POS_PROMO_MGMT,promotions.csv
PROMO-0176,Season Clearance 2019,PERCENTAGE,39.5,2019-09-20,2019-10-04,ALL,100.0,SOURCE_A_POS_PROMO_MGMT,promotions.csv
PROMO-0177,Weekend Special 2023,PERCENTAGE,34.0,2023-05-26,2023-06-14,IN_STORE,10.0,SOURCE_A_POS_PROMO_MGMT,promotions.csv
PROMO-0178,Season Clearance 2024,PERCENTAGE,12.1,2024-07-29,2024-08-09,ALL,10.0,SOURCE_A_POS_PROMO_MGMT,promotions.csv
PROMO-0179,Loyalty Bonus 2023,PERCENTAGE,14.0,2023-07-26,2023-08-04,ONLINE,0.0,SOURCE_A_POS_PROMO_MGMT,promotions.csv
PROMO-0180,Weekend Special 2019,PERCENTAGE,12.3,2019-03-27,2019-04-10,ALL,50.0,SOURCE_A_POS_PROMO_MGMT,promotions.csv
PROMO-0181,Loyalty Bonus 2021,FIXED_AMOUNT,13.9,2021-10-25,2021-10-28,ALL,100.0,SOURCE_A_POS_PROMO_MGMT,promotions.csv
PROMO-0182,Festive Offer 2023,PERCENTAGE,7.2,2023-03-19,2023-04-05,ALL,10.0,SOURCE_A_POS_PROMO_MGMT,promotions.csv
PROMO-0183,Loyalty Bonus 2021,PERCENTAGE,23.3,2021-10-15,2021-11-04,ONLINE,100.0,SOURCE_A_POS_PROMO_MGMT,promotions.csv
PROMO-0184,Festive Offer 2024,PERCENTAGE,36.6,2024-08-16,2024-08-20,ALL,0.0,SOURCE_A_POS_PROMO_MGMT,promotions.csv
PROMO-0185,Member Exclusive 2019,PERCENTAGE,28.9,2019-07-28,2019-08-12,ALL,100.0,SOURCE_A_POS_PROMO_MGMT,promotions.csv
PROMO-0186,Member Exclusive 2025,PERCENTAGE,28.8,2025-12-16,2025-12-24,IN_STORE,20.0,SOURCE_A_POS_PROMO_MGMT,promotions.csv
PROMO-0187,Season Clearance 2020,PERCENTAGE,9.3,2020-11-15,2020-12-02,IN_STORE,20.0,SOURCE_A_POS_PROMO_MGMT,promotions.csv
PROMO-0188,Festive Offer 2021,PERCENTAGE,28.5,2021-08-21,2021-08-30,ALL,50.0,SOURCE_A_POS_PROMO_MGMT,promotions.csv
PROMO-0189,Clearance Blowout 2021,PERCENTAGE,12.1,2021-04-03,2021-04-17,ALL,20.0,SOURCE_A_POS_PROMO_MGMT,promotions.csv
PROMO-0190,Member Exclusive 2022,FIXED_AMOUNT,36.51,2022-06-29,2022-07-12,ALL,50.0,SOURCE_A_POS_PROMO_MGMT,promotions.csv
