store_id,event_type,changed_field,old_value,new_value,event_date,source_system
ST-00004,FORMAT_CHANGE,store_type,STANDARD,FLAGSHIP,2020-08-20,SOURCE_A_POS_STORE_AUDIT
ST-00005,REGION_REASSIGNMENT,region,IN-West,IN-South,2021-10-26,SOURCE_A_POS_STORE_AUDIT
ST-00008,REGION_REASSIGNMENT,region,CA-East,UK-North,2024-03-05,SOURCE_A_POS_STORE_AUDIT
ST-00009,MANAGER_CHANGE,manager_employee_id,EMP-000139,EMP-012738,2023-10-01,SOURCE_A_POS_STORE_AUDIT
ST-00009,TEMP_CLOSURE,store_status,OPEN,TEMPORARILY_CLOSED,2026-05-22,SOURCE_A_POS_STORE_AUDIT
ST-00010,TEMP_CLOSURE,store_status,OPEN,TEMPORARILY_CLOSED,2020-09-07,SOURCE_A_POS_STORE_AUDIT
ST-00011,FORMAT_CHANGE,store_type,FLAGSHIP,OUTLET,2022-12-28,SOURCE_A_POS_STORE_AUDIT
ST-00012,TEMP_CLOSURE,store_status,OPEN,TEMPORARILY_CLOSED,2024-05-14,SOURCE_A_POS_STORE_AUDIT
ST-00013,TEMP_CLOSURE,store_status,OPEN,TEMPORARILY_CLOSED,2020-10-03,SOURCE_A_POS_STORE_AUDIT
ST-00015,TEMP_CLOSURE,store_status,OPEN,TEMPORARILY_CLOSED,2025-01-20,SOURCE_A_POS_STORE_AUDIT
ST-00018,MANAGER_CHANGE,manager_employee_id,EMP-000221,EMP-016005,2023-04-29,SOURCE_A_POS_STORE_AUDIT
ST-00019,MANAGER_CHANGE,manager_employee_id,EMP-008011,EMP-018049,2022-09-23,SOURCE_A_POS_STORE_AUDIT
ST-00022,FORMAT_CHANGE,store_type,EXPRESS,STANDARD,2023-11-16,SOURCE_A_POS_STORE_AUDIT
ST-00023,REGION_REASSIGNMENT,region,IN-North,US-East,2023-12-15,SOURCE_A_POS_STORE_AUDIT
ST-00023,FORMAT_CHANGE,store_type,STANDARD,OUTLET,2025-11-14,SOURCE_A_POS_STORE_AUDIT
ST-00024,TEMP_CLOSURE,store_status,OPEN,TEMPORARILY_CLOSED,2022-03-21,SOURCE_A_POS_STORE_AUDIT
ST-00027,FORMAT_CHANGE,store_type,STANDARD,EXPRESS,2023-09-28,SOURCE_A_POS_STORE_AUDIT
ST-00032,MANAGER_CHANGE,manager_employee_id,EMP-001845,EMP-008388,2020-09-02,SOURCE_A_POS_STORE_AUDIT
ST-00036,FORMAT_CHANGE,store_type,STANDARD,STANDARD,2022-09-18,SOURCE_A_POS_STORE_AUDIT
ST-00038,TEMP_CLOSURE,store_status,OPEN,TEMPORARILY_CLOSED,2025-02-05,SOURCE_A_POS_STORE_AUDIT
ST-00046,FORMAT_CHANGE,store_type,STANDARD,EXPRESS,2021-12-06,SOURCE_A_POS_STORE_AUDIT
ST-00047,REGION_REASSIGNMENT,region,IN-West,IN-East,2025-06-16,SOURCE_A_POS_STORE_AUDIT
ST-00049,MANAGER_CHANGE,manager_employee_id,EMP-005059,EMP-013357,2023-04-22,SOURCE_A_POS_STORE_AUDIT
ST-00050,FORMAT_CHANGE,store_type,STANDARD,STANDARD,2021-02-08,SOURCE_A_POS_STORE_AUDIT
ST-00051,MANAGER_CHANGE,manager_employee_id,EMP-000742,EMP-005976,2022-11-15,SOURCE_A_POS_STORE_AUDIT
ST-00052,MANAGER_CHANGE,manager_employee_id,EMP-004909,EMP-004962,2024-02-15,SOURCE_A_POS_STORE_AUDIT
ST-00055,REGION_REASSIGNMENT,region,US-Central,IN-North,2023-01-25,SOURCE_A_POS_STORE_AUDIT
ST-00056,FORMAT_CHANGE,store_type,STANDARD,EXPRESS,2022-03-30,SOURCE_A_POS_STORE_AUDIT
ST-00059,REGION_REASSIGNMENT,region,IN-East,US-Central,2022-10-02,SOURCE_A_POS_STORE_AUDIT
ST-00060,TEMP_CLOSURE,store_status,OPEN,TEMPORARILY_CLOSED,2023-05-29,SOURCE_A_POS_STORE_AUDIT
ST-00062,REGION_REASSIGNMENT,region,IN-West,IN-East,2023-01-25,SOURCE_A_POS_STORE_AUDIT
ST-00063,TEMP_CLOSURE,store_status,OPEN,TEMPORARILY_CLOSED,2022-03-21,SOURCE_A_POS_STORE_AUDIT
ST-00064,MANAGER_CHANGE,manager_employee_id,EMP-002749,EMP-005284,2024-12-14,SOURCE_A_POS_STORE_AUDIT
ST-00065,FORMAT_CHANGE,store_type,OUTLET,OUTLET,2023-11-25,SOURCE_A_POS_STORE_AUDIT
ST-00065,REGION_REASSIGNMENT,region,US-West,IN-East,2025-04-06,SOURCE_A_POS_STORE_AUDIT
ST-00066,MANAGER_CHANGE,manager_employee_id,EMP-019150,EMP-006257,2022-01-11,SOURCE_A_POS_STORE_AUDIT
ST-00067,TEMP_CLOSURE,store_status,OPEN,TEMPORARILY_CLOSED,2021-06-24,SOURCE_A_POS_STORE_AUDIT
ST-00069,REGION_REASSIGNMENT,region,CA-East,US-Central,2021-04-27,SOURCE_A_POS_STORE_AUDIT
ST-00070,TEMP_CLOSURE,store_status,OPEN,TEMPORARILY_CLOSED,2024-08-07,SOURCE_A_POS_STORE_AUDIT
ST-00070,MANAGER_CHANGE,manager_employee_id,EMP-000466,EMP-009486,2026-07-29,SOURCE_A_POS_STORE_AUDIT
ST-00073,TEMP_CLOSURE,store_status,OPEN,TEMPORARILY_CLOSED,2023-03-28,SOURCE_A_POS_STORE_AUDIT
ST-00073,FORMAT_CHANGE,store_type,FLAGSHIP,FLAGSHIP,2025-07-19,SOURCE_A_POS_STORE_AUDIT
ST-00075,REGION_REASSIGNMENT,region,US-West,US-Central,2024-12-11,SOURCE_A_POS_STORE_AUDIT
ST-00078,MANAGER_CHANGE,manager_employee_id,EMP-009272,EMP-016521,2024-06-10,SOURCE_A_POS_STORE_AUDIT
ST-00079,REGION_REASSIGNMENT,region,IN-West,IN-South,2023-07-09,SOURCE_A_POS_STORE_AUDIT
ST-00080,REGION_REASSIGNMENT,region,IN-West,IN-West,2020-06-04,SOURCE_A_POS_STORE_AUDIT
ST-00082,FORMAT_CHANGE,store_type,STANDARD,FLAGSHIP,2022-02-26,SOURCE_A_POS_STORE_AUDIT
ST-00084,TEMP_CLOSURE,store_status,OPEN,TEMPORARILY_CLOSED,2023-01-25,SOURCE_A_POS_STORE_AUDIT
ST-00084,TEMP_CLOSURE,store_status,OPEN,TEMPORARILY_CLOSED,2023-07-25,SOURCE_A_POS_STORE_AUDIT
ST-00085,FORMAT_CHANGE,store_type,OUTLET,STANDARD,2023-03-23,SOURCE_A_POS_STORE_AUDIT
ST-00088,REGION_REASSIGNMENT,region,IN-South,IN-West,2022-03-08,SOURCE_A_POS_STORE_AUDIT
ST-00089,FORMAT_CHANGE,store_type,STANDARD,OUTLET,2019-12-31,SOURCE_A_POS_STORE_AUDIT
ST-00092,REGION_REASSIGNMENT,region,US-East,US-West,2023-12-10,SOURCE_A_POS_STORE_AUDIT
ST-00095,MANAGER_CHANGE,manager_employee_id,,EMP-007643,2023-10-02,SOURCE_A_POS_STORE_AUDIT
ST-00097,FORMAT_CHANGE,store_type,STANDARD,STANDARD,2024-10-21,SOURCE_A_POS_STORE_AUDIT
ST-00098,REGION_REASSIGNMENT,region,CA-West,US-East,2024-10-17,SOURCE_A_POS_STORE_AUDIT
ST-00109,TEMP_CLOSURE,store_status,OPEN,TEMPORARILY_CLOSED,2025-05-24,SOURCE_A_POS_STORE_AUDIT
ST-00111,REGION_REASSIGNMENT,region,IN-West,IN-West,2020-12-24,SOURCE_A_POS_STORE_AUDIT
ST-00112,FORMAT_CHANGE,store_type,STANDARD,EXPRESS,2023-11-18,SOURCE_A_POS_STORE_AUDIT
ST-00113,FORMAT_CHANGE,store_type,FLAGSHIP,FLAGSHIP,2025-06-28,SOURCE_A_POS_STORE_AUDIT
ST-00113,REGION_REASSIGNMENT,region,IN-North,CA-East,2026-08-07,SOURCE_A_POS_STORE_AUDIT
ST-00115,FORMAT_CHANGE,store_type,STANDARD,OUTLET,2022-12-31,SOURCE_A_POS_STORE_AUDIT
ST-00117,MANAGER_CHANGE,manager_employee_id,EMP-000658,EMP-011795,2023-05-01,SOURCE_A_POS_STORE_AUDIT
ST-00118,REGION_REASSIGNMENT,region,CA-East,IN-South,2022-07-31,SOURCE_A_POS_STORE_AUDIT
ST-00119,TEMP_CLOSURE,store_status,OPEN,TEMPORARILY_CLOSED,2020-08-02,SOURCE_A_POS_STORE_AUDIT
ST-00120,TEMP_CLOSURE,store_status,OPEN,TEMPORARILY_CLOSED,2025-08-30,SOURCE_A_POS_STORE_AUDIT
ST-00123,REGION_REASSIGNMENT,region,UK-South,IN-South,2023-07-19,SOURCE_A_POS_STORE_AUDIT
ST-00123,MANAGER_CHANGE,manager_employee_id,,EMP-014138,2025-05-24,SOURCE_A_POS_STORE_AUDIT
ST-00128,MANAGER_CHANGE,manager_employee_id,EMP-014555,EMP-006907,2023-10-05,SOURCE_A_POS_STORE_AUDIT
ST-00128,REGION_REASSIGNMENT,region,IN-South,US-Central,2024-06-25,SOURCE_A_POS_STORE_AUDIT
ST-00131,REGION_REASSIGNMENT,region,US-East,US-Central,2023-06-28,SOURCE_A_POS_STORE_AUDIT
ST-00133,MANAGER_CHANGE,manager_employee_id,EMP-000319,EMP-014995,2025-08-02,SOURCE_A_POS_STORE_AUDIT
ST-00136,MANAGER_CHANGE,manager_employee_id,EMP-007720,EMP-017602,2025-07-05,SOURCE_A_POS_STORE_AUDIT
ST-00139,TEMP_CLOSURE,store_status,OPEN,TEMPORARILY_CLOSED,2024-04-08,SOURCE_A_POS_STORE_AUDIT
ST-00141,TEMP_CLOSURE,store_status,OPEN,TEMPORARILY_CLOSED,2024-04-01,SOURCE_A_POS_STORE_AUDIT
ST-00142,TEMP_CLOSURE,store_status,OPEN,TEMPORARILY_CLOSED,2024-06-29,SOURCE_A_POS_STORE_AUDIT
ST-00146,FORMAT_CHANGE,store_type,EXPRESS,EXPRESS,2022-11-16,SOURCE_A_POS_STORE_AUDIT
ST-00147,TEMP_CLOSURE,store_status,OPEN,TEMPORARILY_CLOSED,2022-08-05,SOURCE_A_POS_STORE_AUDIT
ST-00153,MANAGER_CHANGE,manager_employee_id,EMP-000270,EMP-003642,2022-04-29,SOURCE_A_POS_STORE_AUDIT
ST-00154,REGION_REASSIGNMENT,region,UK-South,CA-West,2025-02-19,SOURCE_A_POS_STORE_AUDIT
ST-00159,TEMP_CLOSURE,store_status,OPEN,TEMPORARILY_CLOSED,2022-04-10,SOURCE_A_POS_STORE_AUDIT
ST-00162,MANAGER_CHANGE,manager_employee_id,EMP-002869,EMP-011789,2023-11-27,SOURCE_A_POS_STORE_AUDIT
ST-00168,MANAGER_CHANGE,manager_employee_id,EMP-004942,EMP-017415,2023-08-27,SOURCE_A_POS_STORE_AUDIT
ST-00169,REGION_REASSIGNMENT,region,IN-South,AE-Gulf,2021-04-28,SOURCE_A_POS_STORE_AUDIT
ST-00169,MANAGER_CHANGE,manager_employee_id,EMP-005140,EMP-002337,2023-03-18,SOURCE_A_POS_STORE_AUDIT
ST-00172,FORMAT_CHANGE,store_type,STANDARD,STANDARD,2024-06-17,SOURCE_A_POS_STORE_AUDIT
ST-00177,FORMAT_CHANGE,store_type,STANDARD,STANDARD,2023-10-29,SOURCE_A_POS_STORE_AUDIT
ST-00179,REGION_REASSIGNMENT,region,US-East,IN-South,2025-01-07,SOURCE_A_POS_STORE_AUDIT
ST-00181,FORMAT_CHANGE,store_type,OUTLET,STANDARD,2022-09-03,SOURCE_A_POS_STORE_AUDIT
ST-00184,MANAGER_CHANGE,manager_employee_id,EMP-001144,EMP-013752,2023-08-28,SOURCE_A_POS_STORE_AUDIT
ST-00185,TEMP_CLOSURE,store_status,OPEN,TEMPORARILY_CLOSED,2024-04-15,SOURCE_A_POS_STORE_AUDIT
ST-00186,FORMAT_CHANGE,store_type,STANDARD,FLAGSHIP,2022-12-05,SOURCE_A_POS_STORE_AUDIT
ST-00186,FORMAT_CHANGE,store_type,STANDARD,FLAGSHIP,2024-08-12,SOURCE_A_POS_STORE_AUDIT
ST-00189,REGION_REASSIGNMENT,region,IN-West,IN-East,2025-08-09,SOURCE_A_POS_STORE_AUDIT
ST-00191,REGION_REASSIGNMENT,region,UK-South,CA-West,2022-02-17,SOURCE_A_POS_STORE_AUDIT
ST-00194,TEMP_CLOSURE,store_status,OPEN,TEMPORARILY_CLOSED,2019-12-21,SOURCE_A_POS_STORE_AUDIT
ST-00194,MANAGER_CHANGE,manager_employee_id,EMP-002490,EMP-009618,2021-05-26,SOURCE_A_POS_STORE_AUDIT
ST-00195,FORMAT_CHANGE,store_type,EXPRESS,FLAGSHIP,2022-02-10,SOURCE_A_POS_STORE_AUDIT
ST-00197,TEMP_CLOSURE,store_status,OPEN,TEMPORARILY_CLOSED,2022-01-14,SOURCE_A_POS_STORE_AUDIT
ST-00197,TEMP_CLOSURE,store_status,OPEN,TEMPORARILY_CLOSED,2022-05-18,SOURCE_A_POS_STORE_AUDIT
ST-00199,FORMAT_CHANGE,store_type,FLAGSHIP,FLAGSHIP,2020-06-02,SOURCE_A_POS_STORE_AUDIT
ST-00200,TEMP_CLOSURE,store_status,OPEN,TEMPORARILY_CLOSED,2024-12-15,SOURCE_A_POS_STORE_AUDIT
ST-00201,REGION_REASSIGNMENT,region,AE-Gulf,UK-North,2021-07-23,SOURCE_A_POS_STORE_AUDIT
ST-00202,TEMP_CLOSURE,store_status,OPEN,TEMPORARILY_CLOSED,2021-09-26,SOURCE_A_POS_STORE_AUDIT
ST-00203,MANAGER_CHANGE,manager_employee_id,,EMP-015430,2020-08-03,SOURCE_A_POS_STORE_AUDIT
ST-00204,FORMAT_CHANGE,store_type,STANDARD,FLAGSHIP,2023-06-17,SOURCE_A_POS_STORE_AUDIT
ST-00206,MANAGER_CHANGE,manager_employee_id,EMP-002504,EMP-001860,2022-04-09,SOURCE_A_POS_STORE_AUDIT
ST-00209,FORMAT_CHANGE,store_type,OUTLET,OUTLET,2023-08-25,SOURCE_A_POS_STORE_AUDIT
ST-00211,MANAGER_CHANGE,manager_employee_id,EMP-010532,EMP-015715,2023-03-05,SOURCE_A_POS_STORE_AUDIT
ST-00213,MANAGER_CHANGE,manager_employee_id,EMP-007205,EMP-014073,2021-08-28,SOURCE_A_POS_STORE_AUDIT
ST-00214,MANAGER_CHANGE,manager_employee_id,EMP-011780,EMP-019196,2022-07-05,SOURCE_A_POS_STORE_AUDIT
ST-00223,FORMAT_CHANGE,store_type,STANDARD,EXPRESS,2023-01-23,SOURCE_A_POS_STORE_AUDIT
ST-00223,TEMP_CLOSURE,store_status,OPEN,TEMPORARILY_CLOSED,2023-11-23,SOURCE_A_POS_STORE_AUDIT
ST-00226,TEMP_CLOSURE,store_status,OPEN,TEMPORARILY_CLOSED,2021-11-25,SOURCE_A_POS_STORE_AUDIT
ST-00229,REGION_REASSIGNMENT,region,IN-North,US-Central,2024-01-10,SOURCE_A_POS_STORE_AUDIT
ST-00231,REGION_REASSIGNMENT,region,US-West,IN-East,2025-03-05,SOURCE_A_POS_STORE_AUDIT
ST-00232,REGION_REASSIGNMENT,region,IN-West,AE-Gulf,2021-12-03,SOURCE_A_POS_STORE_AUDIT
ST-00234,FORMAT_CHANGE,store_type,STANDARD,FLAGSHIP,2024-05-10,SOURCE_A_POS_STORE_AUDIT
ST-00235,FORMAT_CHANGE,store_type,OUTLET,STANDARD,2021-11-14,SOURCE_A_POS_STORE_AUDIT
ST-00237,FORMAT_CHANGE,store_type,EXPRESS,FLAGSHIP,2022-06-07,SOURCE_A_POS_STORE_AUDIT
ST-00238,REGION_REASSIGNMENT,region,IN-East,AE-Gulf,2022-03-02,SOURCE_A_POS_STORE_AUDIT
ST-00241,FORMAT_CHANGE,store_type,STANDARD,STANDARD,2023-03-13,SOURCE_A_POS_STORE_AUDIT
ST-00241,TEMP_CLOSURE,store_status,OPEN,TEMPORARILY_CLOSED,2025-07-31,SOURCE_A_POS_STORE_AUDIT
ST-00243,MANAGER_CHANGE,manager_employee_id,EMP-000261,EMP-011081,2024-01-07,SOURCE_A_POS_STORE_AUDIT
ST-00246,REGION_REASSIGNMENT,region,CA-West,IN-North,2024-05-24,SOURCE_A_POS_STORE_AUDIT
ST-00248,MANAGER_CHANGE,manager_employee_id,EMP-001797,EMP-006100,2021-11-04,SOURCE_A_POS_STORE_AUDIT
ST-00250,REGION_REASSIGNMENT,region,IN-East,US-East,2025-02-11,SOURCE_A_POS_STORE_AUDIT
ST-00251,MANAGER_CHANGE,manager_employee_id,EMP-001885,EMP-001963,2022-03-17,SOURCE_A_POS_STORE_AUDIT
ST-00252,MANAGER_CHANGE,manager_employee_id,EMP-005749,EMP-013159,2025-02-03,SOURCE_A_POS_STORE_AUDIT
ST-00254,MANAGER_CHANGE,manager_employee_id,EMP-014872,EMP-011975,2022-02-10,SOURCE_A_POS_STORE_AUDIT
ST-00255,FORMAT_CHANGE,store_type,STANDARD,EXPRESS,2023-07-07,SOURCE_A_POS_STORE_AUDIT
ST-00257,TEMP_CLOSURE,store_status,OPEN,TEMPORARILY_CLOSED,2021-11-25,SOURCE_A_POS_STORE_AUDIT
ST-00258,FORMAT_CHANGE,store_type,STANDARD,STANDARD,2022-06-15,SOURCE_A_POS_STORE_AUDIT
ST-00259,FORMAT_CHANGE,store_type,EXPRESS,OUTLET,2024-10-21,SOURCE_A_POS_STORE_AUDIT
ST-00260,REGION_REASSIGNMENT,region,CA-East,AE-Gulf,2022-09-08,SOURCE_A_POS_STORE_AUDIT
ST-00260,FORMAT_CHANGE,store_type,STANDARD,FLAGSHIP,2023-10-29,SOURCE_A_POS_STORE_AUDIT
ST-00269,FORMAT_CHANGE,store_type,EXPRESS,OUTLET,2021-08-29,SOURCE_A_POS_STORE_AUDIT
ST-00270,MANAGER_CHANGE,manager_employee_id,,EMP-016018,2022-04-30,SOURCE_A_POS_STORE_AUDIT
ST-00271,FORMAT_CHANGE,store_type,STANDARD,OUTLET,2020-12-28,SOURCE_A_POS_STORE_AUDIT
ST-00271,TEMP_CLOSURE,store_status,OPEN,TEMPORARILY_CLOSED,2022-11-06,SOURCE_A_POS_STORE_AUDIT
ST-00273,FORMAT_CHANGE,store_type,FLAGSHIP,STANDARD,2024-10-15,SOURCE_A_POS_STORE_AUDIT
ST-00275,REGION_REASSIGNMENT,region,CA-East,US-Central,2023-11-19,SOURCE_A_POS_STORE_AUDIT
ST-00276,FORMAT_CHANGE,store_type,STANDARD,FLAGSHIP,2020-11-05,SOURCE_A_POS_STORE_AUDIT
ST-00278,MANAGER_CHANGE,manager_employee_id,EMP-008977,EMP-007917,2021-08-10,SOURCE_A_POS_STORE_AUDIT
ST-00279,MANAGER_CHANGE,manager_employee_id,EMP-009407,EMP-019998,2021-08-24,SOURCE_A_POS_STORE_AUDIT
ST-00282,FORMAT_CHANGE,store_type,STANDARD,EXPRESS,2022-09-20,SOURCE_A_POS_STORE_AUDIT
ST-00283,REGION_REASSIGNMENT,region,US-Central,IN-West,2023-03-12,SOURCE_A_POS_STORE_AUDIT
ST-00285,REGION_REASSIGNMENT,region,US-East,US-West,2023-09-18,SOURCE_A_POS_STORE_AUDIT
ST-00285,FORMAT_CHANGE,store_type,FLAGSHIP,FLAGSHIP,2026-03-23,SOURCE_A_POS_STORE_AUDIT
ST-00287,MANAGER_CHANGE,manager_employee_id,EMP-014350,EMP-010356,2025-01-26,SOURCE_A_POS_STORE_AUDIT
ST-00287,REGION_REASSIGNMENT,region,IN-North,UK-South,2026-01-13,SOURCE_A_POS_STORE_AUDIT
ST-00289,REGION_REASSIGNMENT,region,CA-East,UK-South,2023-09-02,SOURCE_A_POS_STORE_AUDIT
ST-00289,MANAGER_CHANGE,manager_employee_id,EMP-000545,EMP-008758,2024-08-22,SOURCE_A_POS_STORE_AUDIT
ST-00290,REGION_REASSIGNMENT,region,CA-West,CA-West,2019-11-07,SOURCE_A_POS_STORE_AUDIT
ST-00291,TEMP_CLOSURE,store_status,OPEN,TEMPORARILY_CLOSED,2021-07-19,SOURCE_A_POS_STORE_AUDIT
ST-00292,MANAGER_CHANGE,manager_employee_id,EMP-002604,EMP-016960,2020-11-30,SOURCE_A_POS_STORE_AUDIT
ST-00293,MANAGER_CHANGE,manager_employee_id,EMP-003206,EMP-018794,2022-04-25,SOURCE_A_POS_STORE_AUDIT
ST-00293,FORMAT_CHANGE,store_type,STANDARD,FLAGSHIP,2023-08-09,SOURCE_A_POS_STORE_AUDIT
ST-00296,MANAGER_CHANGE,manager_employee_id,EMP-006529,EMP-012411,2024-03-12,SOURCE_A_POS_STORE_AUDIT
ST-00298,FORMAT_CHANGE,store_type,STANDARD,FLAGSHIP,2021-10-16,SOURCE_A_POS_STORE_AUDIT
ST-00298,MANAGER_CHANGE,manager_employee_id,EMP-002127,EMP-019212,2022-04-12,SOURCE_A_POS_STORE_AUDIT
ST-00306,FORMAT_CHANGE,store_type,STANDARD,OUTLET,2025-05-25,SOURCE_A_POS_STORE_AUDIT
ST-00313,MANAGER_CHANGE,manager_employee_id,EMP-009679,EMP-004334,2022-05-11,SOURCE_A_POS_STORE_AUDIT
ST-00313,MANAGER_CHANGE,manager_employee_id,EMP-009679,EMP-004809,2024-03-21,SOURCE_A_POS_STORE_AUDIT
ST-00314,TEMP_CLOSURE,store_status,OPEN,TEMPORARILY_CLOSED,2022-06-05,SOURCE_A_POS_STORE_AUDIT
ST-00316,REGION_REASSIGNMENT,region,IN-North,IN-North,2022-11-17,SOURCE_A_POS_STORE_AUDIT
ST-00318,REGION_REASSIGNMENT,region,CA-West,AE-Gulf,2024-08-28,SOURCE_A_POS_STORE_AUDIT
ST-00322,TEMP_CLOSURE,store_status,OPEN,TEMPORARILY_CLOSED,2022-01-27,SOURCE_A_POS_STORE_AUDIT
ST-00323,FORMAT_CHANGE,store_type,EXPRESS,OUTLET,2025-03-23,SOURCE_A_POS_STORE_AUDIT
ST-00324,REGION_REASSIGNMENT,region,US-West,IN-East,2024-08-18,SOURCE_A_POS_STORE_AUDIT
ST-00326,FORMAT_CHANGE,store_type,EXPRESS,FLAGSHIP,2021-12-09,SOURCE_A_POS_STORE_AUDIT
ST-00326,REGION_REASSIGNMENT,region,US-West,UK-South,2022-03-13,SOURCE_A_POS_STORE_AUDIT
ST-00327,MANAGER_CHANGE,manager_employee_id,EMP-003286,EMP-017847,2022-04-22,SOURCE_A_POS_STORE_AUDIT
ST-00329,FORMAT_CHANGE,store_type,STANDARD,OUTLET,2020-03-27,SOURCE_A_POS_STORE_AUDIT
ST-00333,FORMAT_CHANGE,store_type,OUTLET,EXPRESS,2022-05-01,SOURCE_A_POS_STORE_AUDIT
ST-00335,TEMP_CLOSURE,store_status,OPEN,TEMPORARILY_CLOSED,2021-05-14,SOURCE_A_POS_STORE_AUDIT
ST-00336,REGION_REASSIGNMENT,region,UK-North,CA-East,2023-11-04,SOURCE_A_POS_STORE_AUDIT
ST-00337,MANAGER_CHANGE,manager_employee_id,EMP-002110,EMP-017403,2022-10-19,SOURCE_A_POS_STORE_AUDIT
ST-00342,REGION_REASSIGNMENT,region,IN-West,AE-Gulf,2022-12-12,SOURCE_A_POS_STORE_AUDIT
ST-00344,FORMAT_CHANGE,store_type,STANDARD,FLAGSHIP,2021-07-15,SOURCE_A_POS_STORE_AUDIT
ST-00344,MANAGER_CHANGE,manager_employee_id,EMP-002815,EMP-014618,2023-06-07,SOURCE_A_POS_STORE_AUDIT
ST-00345,FORMAT_CHANGE,store_type,EXPRESS,EXPRESS,2022-11-29,SOURCE_A_POS_STORE_AUDIT
ST-00346,TEMP_CLOSURE,store_status,OPEN,TEMPORARILY_CLOSED,2023-08-03,SOURCE_A_POS_STORE_AUDIT
ST-00347,FORMAT_CHANGE,store_type,OUTLET,FLAGSHIP,2023-10-08,SOURCE_A_POS_STORE_AUDIT
ST-00349,FORMAT_CHANGE,store_type,STANDARD,FLAGSHIP,2021-12-25,SOURCE_A_POS_STORE_AUDIT
ST-00350,TEMP_CLOSURE,store_status,OPEN,TEMPORARILY_CLOSED,2021-04-26,SOURCE_A_POS_STORE_AUDIT
ST-00353,FORMAT_CHANGE,store_type,STANDARD,OUTLET,2022-10-28,SOURCE_A_POS_STORE_AUDIT
ST-00355,REGION_REASSIGNMENT,region,IN-North,UK-North,2022-08-26,SOURCE_A_POS_STORE_AUDIT
ST-00357,FORMAT_CHANGE,store_type,STANDARD,FLAGSHIP,2020-10-26,SOURCE_A_POS_STORE_AUDIT
ST-00357,TEMP_CLOSURE,store_status,OPEN,TEMPORARILY_CLOSED,2022-06-03,SOURCE_A_POS_STORE_AUDIT
ST-00358,TEMP_CLOSURE,store_status,OPEN,TEMPORARILY_CLOSED,2022-11-02,SOURCE_A_POS_STORE_AUDIT
ST-00360,MANAGER_CHANGE,manager_employee_id,EMP-019653,EMP-006000,2022-06-11,SOURCE_A_POS_STORE_AUDIT
ST-00361,FORMAT_CHANGE,store_type,OUTLET,OUTLET,2024-01-15,SOURCE_A_POS_STORE_AUDIT
ST-00362,REGION_REASSIGNMENT,region,US-East,US-West,2023-08-09,SOURCE_A_POS_STORE_AUDIT
ST-00363,FORMAT_CHANGE,store_type,OUTLET,FLAGSHIP,2023-03-07,SOURCE_A_POS_STORE_AUDIT
ST-00364,FORMAT_CHANGE,store_type,STANDARD,STANDARD,2021-01-16,SOURCE_A_POS_STORE_AUDIT
ST-00367,REGION_REASSIGNMENT,region,IN-West,IN-South,2023-07-29,SOURCE_A_POS_STORE_AUDIT
ST-00372,FORMAT_CHANGE,store_type,STANDARD,OUTLET,2022-06-28,SOURCE_A_POS_STORE_AUDIT
ST-00373,TEMP_CLOSURE,store_status,OPEN,TEMPORARILY_CLOSED,2021-03-05,SOURCE_A_POS_STORE_AUDIT
ST-00374,REGION_REASSIGNMENT,region,UK-South,US-West,2025-07-29,SOURCE_A_POS_STORE_AUDIT
ST-00375,TEMP_CLOSURE,store_status,OPEN,TEMPORARILY_CLOSED,2023-04-12,SOURCE_A_POS_STORE_AUDIT
ST-00377,TEMP_CLOSURE,store_status,OPEN,TEMPORARILY_CLOSED,2021-10-15,SOURCE_A_POS_STORE_AUDIT
ST-00380,TEMP_CLOSURE,store_status,OPEN,TEMPORARILY_CLOSED,2022-02-19,SOURCE_A_POS_STORE_AUDIT
ST-00380,MANAGER_CHANGE,manager_employee_id,EMP-004110,EMP-017773,2024-11-10,SOURCE_A_POS_STORE_AUDIT
ST-00384,REGION_REASSIGNMENT,region,US-Central,IN-West,2023-01-03,SOURCE_A_POS_STORE_AUDIT
ST-00386,TEMP_CLOSURE,store_status,OPEN,TEMPORARILY_CLOSED,2023-02-16,SOURCE_A_POS_STORE_AUDIT
ST-00388,FORMAT_CHANGE,store_type,FLAGSHIP,EXPRESS,2022-12-25,SOURCE_A_POS_STORE_AUDIT
ST-00390,TEMP_CLOSURE,store_status,OPEN,TEMPORARILY_CLOSED,2020-07-22,SOURCE_A_POS_STORE_AUDIT
ST-00394,MANAGER_CHANGE,manager_employee_id,EMP-000917,EMP-004438,2023-09-07,SOURCE_A_POS_STORE_AUDIT
ST-00398,MANAGER_CHANGE,manager_employee_id,EMP-004626,EMP-019224,2021-10-21,SOURCE_A_POS_STORE_AUDIT
ST-00400,FORMAT_CHANGE,store_type,FLAGSHIP,STANDARD,2023-01-05,SOURCE_A_POS_STORE_AUDIT
ST-00400,REGION_REASSIGNMENT,region,IN-South,US-West,2024-07-07,SOURCE_A_POS_STORE_AUDIT
ST-00401,MANAGER_CHANGE,manager_employee_id,EMP-003027,EMP-007006,2020-03-30,SOURCE_A_POS_STORE_AUDIT
ST-00402,TEMP_CLOSURE,store_status,OPEN,TEMPORARILY_CLOSED,2024-11-07,SOURCE_A_POS_STORE_AUDIT
ST-00404,TEMP_CLOSURE,store_status,OPEN,TEMPORARILY_CLOSED,2023-08-14,SOURCE_A_POS_STORE_AUDIT
ST-00404,REGION_REASSIGNMENT,region,AE-Gulf,IN-North,2025-11-12,SOURCE_A_POS_STORE_AUDIT
ST-00406,FORMAT_CHANGE,store_type,FLAGSHIP,STANDARD,2024-07-13,SOURCE_A_POS_STORE_AUDIT
ST-00409,REGION_REASSIGNMENT,region,US-Central,UK-North,2022-11-01,SOURCE_A_POS_STORE_AUDIT
ST-00410,TEMP_CLOSURE,store_status,OPEN,TEMPORARILY_CLOSED,2024-06-25,SOURCE_A_POS_STORE_AUDIT
ST-00411,REGION_REASSIGNMENT,region,IN-East,CA-West,2023-05-04,SOURCE_A_POS_STORE_AUDIT
ST-00413,MANAGER_CHANGE,manager_employee_id,EMP-010506,EMP-012575,2021-10-19,SOURCE_A_POS_STORE_AUDIT
ST-00415,MANAGER_CHANGE,manager_employee_id,,EMP-007648,2021-04-10,SOURCE_A_POS_STORE_AUDIT
ST-00416,MANAGER_CHANGE,manager_employee_id,EMP-000606,EMP-007829,2023-07-15,SOURCE_A_POS_STORE_AUDIT
ST-00417,REGION_REASSIGNMENT,region,US-East,AE-Gulf,2022-10-05,SOURCE_A_POS_STORE_AUDIT
ST-00418,REGION_REASSIGNMENT,region,IN-West,IN-South,2020-08-16,SOURCE_A_POS_STORE_AUDIT
ST-00420,REGION_REASSIGNMENT,region,IN-South,CA-East,2021-05-03,SOURCE_A_POS_STORE_AUDIT
ST-00423,MANAGER_CHANGE,manager_employee_id,EMP-002934,EMP-013941,2023-01-29,SOURCE_A_POS_STORE_AUDIT
ST-00424,TEMP_CLOSURE,store_status,OPEN,TEMPORARILY_CLOSED,2021-10-08,SOURCE_A_POS_STORE_AUDIT
ST-00426,FORMAT_CHANGE,store_type,OUTLET,STANDARD,2021-10-02,SOURCE_A_POS_STORE_AUDIT
ST-00429,TEMP_CLOSURE,store_status,OPEN,TEMPORARILY_CLOSED,2024-02-15,SOURCE_A_POS_STORE_AUDIT
ST-00430,REGION_REASSIGNMENT,region,US-East,CA-West,2024-02-18,SOURCE_A_POS_STORE_AUDIT
ST-00433,MANAGER_CHANGE,manager_employee_id,EMP-014691,EMP-008513,2022-12-16,SOURCE_A_POS_STORE_AUDIT
ST-00434,FORMAT_CHANGE,store_type,STANDARD,STANDARD,2021-05-28,SOURCE_A_POS_STORE_AUDIT
ST-00434,FORMAT_CHANGE,store_type,STANDARD,STANDARD,2023-04-11,SOURCE_A_POS_STORE_AUDIT
ST-00435,FORMAT_CHANGE,store_type,STANDARD,OUTLET,2022-08-01,SOURCE_A_POS_STORE_AUDIT
ST-00436,TEMP_CLOSURE,store_status,OPEN,TEMPORARILY_CLOSED,2021-02-05,SOURCE_A_POS_STORE_AUDIT
ST-00441,TEMP_CLOSURE,store_status,OPEN,TEMPORARILY_CLOSED,2022-07-03,SOURCE_A_POS_STORE_AUDIT
ST-00442,FORMAT_CHANGE,store_type,STANDARD,STANDARD,2020-03-24,SOURCE_A_POS_STORE_AUDIT
ST-00446,MANAGER_CHANGE,manager_employee_id,EMP-000247,EMP-003886,2024-08-28,SOURCE_A_POS_STORE_AUDIT
ST-00447,REGION_REASSIGNMENT,region,IN-North,US-West,2020-12-17,SOURCE_A_POS_STORE_AUDIT
ST-00448,FORMAT_CHANGE,store_type,EXPRESS,EXPRESS,2023-09-16,SOURCE_A_POS_STORE_AUDIT
ST-00449,REGION_REASSIGNMENT,region,US-East,UK-North,2019-12-06,SOURCE_A_POS_STORE_AUDIT
ST-00452,FORMAT_CHANGE,store_type,STANDARD,FLAGSHIP,2023-03-26,SOURCE_A_POS_STORE_AUDIT
ST-00454,FORMAT_CHANGE,store_type,STANDARD,FLAGSHIP,2020-07-09,SOURCE_A_POS_STORE_AUDIT
ST-00456,FORMAT_CHANGE,store_type,EXPRESS,FLAGSHIP,2024-05-31,SOURCE_A_POS_STORE_AUDIT
ST-00459,MANAGER_CHANGE,manager_employee_id,EMP-003634,EMP-007411,2022-08-14,SOURCE_A_POS_STORE_AUDIT
ST-00461,MANAGER_CHANGE,manager_employee_id,EMP-009821,EMP-003426,2025-02-04,SOURCE_A_POS_STORE_AUDIT
ST-00462,REGION_REASSIGNMENT,region,US-West,UK-North,2023-05-18,SOURCE_A_POS_STORE_AUDIT
ST-00464,MANAGER_CHANGE,manager_employee_id,EMP-004593,EMP-001737,2022-03-05,SOURCE_A_POS_STORE_AUDIT
ST-00466,MANAGER_CHANGE,manager_employee_id,EMP-013444,EMP-012248,2020-06-27,SOURCE_A_POS_STORE_AUDIT
ST-00467,FORMAT_CHANGE,store_type,EXPRESS,FLAGSHIP,2022-04-17,SOURCE_A_POS_STORE_AUDIT
ST-00471,MANAGER_CHANGE,manager_employee_id,EMP-002835,EMP-008701,2021-02-20,SOURCE_A_POS_STORE_AUDIT
ST-00472,TEMP_CLOSURE,store_status,OPEN,TEMPORARILY_CLOSED,2022-07-22,SOURCE_A_POS_STORE_AUDIT
ST-00474,TEMP_CLOSURE,store_status,OPEN,TEMPORARILY_CLOSED,2021-11-29,SOURCE_A_POS_STORE_AUDIT
ST-00479,TEMP_CLOSURE,store_status,OPEN,TEMPORARILY_CLOSED,2023-12-10,SOURCE_A_POS_STORE_AUDIT
ST-00479,TEMP_CLOSURE,store_status,OPEN,TEMPORARILY_CLOSED,2024-08-15,SOURCE_A_POS_STORE_AUDIT
ST-00480,TEMP_CLOSURE,store_status,OPEN,TEMPORARILY_CLOSED,2022-08-12,SOURCE_A_POS_STORE_AUDIT
ST-00483,REGION_REASSIGNMENT,region,CA-West,IN-East,2020-11-26,SOURCE_A_POS_STORE_AUDIT
ST-00484,TEMP_CLOSURE,store_status,OPEN,TEMPORARILY_CLOSED,2023-11-27,SOURCE_A_POS_STORE_AUDIT
ST-00487,REGION_REASSIGNMENT,region,US-West,US-East,2019-10-04,SOURCE_A_POS_STORE_AUDIT
ST-00488,FORMAT_CHANGE,store_type,STANDARD,OUTLET,2023-12-31,SOURCE_A_POS_STORE_AUDIT
ST-00491,TEMP_CLOSURE,store_status,OPEN,TEMPORARILY_CLOSED,2022-04-19,SOURCE_A_POS_STORE_AUDIT
ST-00495,REGION_REASSIGNMENT,region,IN-West,UK-North,2024-02-28,SOURCE_A_POS_STORE_AUDIT
ST-00496,FORMAT_CHANGE,store_type,STANDARD,STANDARD,2022-06-17,SOURCE_A_POS_STORE_AUDIT
ST-00498,TEMP_CLOSURE,store_status,OPEN,TEMPORARILY_CLOSED,2022-02-21,SOURCE_A_POS_STORE_AUDIT
ST-00499,TEMP_CLOSURE,store_status,OPEN,TEMPORARILY_CLOSED,2023-04-12,SOURCE_A_POS_STORE_AUDIT
ST-00504,TEMP_CLOSURE,store_status,OPEN,TEMPORARILY_CLOSED,2021-10-20,SOURCE_A_POS_STORE_AUDIT
ST-00507,REGION_REASSIGNMENT,region,IN-North,US-Central,2022-06-28,SOURCE_A_POS_STORE_AUDIT
ST-00510,TEMP_CLOSURE,store_status,OPEN,TEMPORARILY_CLOSED,2019-07-29,SOURCE_A_POS_STORE_AUDIT
ST-00512,REGION_REASSIGNMENT,region,UK-South,IN-North,2023-03-07,SOURCE_A_POS_STORE_AUDIT
ST-00513,TEMP_CLOSURE,store_status,OPEN,TEMPORARILY_CLOSED,2023-05-04,SOURCE_A_POS_STORE_AUDIT
ST-00514,MANAGER_CHANGE,manager_employee_id,,EMP-016579,2021-05-16,SOURCE_A_POS_STORE_AUDIT
ST-00515,MANAGER_CHANGE,manager_employee_id,EMP-002525,EMP-006096,2022-06-29,SOURCE_A_POS_STORE_AUDIT
ST-00516,REGION_REASSIGNMENT,region,IN-North,US-West,2025-02-11,SOURCE_A_POS_STORE_AUDIT
ST-00517,TEMP_CLOSURE,store_status,OPEN,TEMPORARILY_CLOSED,2021-03-09,SOURCE_A_POS_STORE_AUDIT
